temperature_median,weight_mean,ci_lower,ci_upper,n_trials,in_main_panel
0.017549258550807599,0.53332053340051833,0.49724243671211438,0.56729329261076344,345,True
0.18195372627523959,0.5674495771981829,0.53103095536108591,0.60410696398228192,342,True
0.39878006409777211,0.59552216757769894,0.56993050742354867,0.61990467092739565,341,True
0.64947360571726986,0.53958662486923581,0.51711812583419237,0.56209492655895077,615,True
0.87617941514694331,0.46018110650692878,0.43428328323234872,0.48811587055568562,1180,True
1.2073125628303123,0.38512583239015491,0.36525831165257761,0.40724234618996508,889,True
1.6685685186100958,0.32430978124731658,0.30981444497292321,0.34085623825491201,516,True
2.3745782072368917,0.29848818383500231,0.28260618101436857,0.31857273122571289,322,True
3.4130815089097091,0.28036436590396341,0.26609999872173268,0.29871508436075089,234,True
4.2274687293789341,0.2918115386028437,0.26928569828317173,0.32240951671271789,79,True
5.3095676776115672,0.28833158738205839,0.25873303070550879,0.34192957214519248,15,True
7.7238404309301583,0.261515280806354,0.25515808952906688,0.31544935428435739,57,False
23.149970158158009,0.27712444375880829,0.25245191680581519,0.32120246734235991,76,False
336.16794263621472,0.25076269716332539,0.25034855292120939,0.25122727051067889,18,False
10000.000000000002,0.25000823805708028,0.25000501651925761,0.25001156293157267,294,False
