model,round,dis_ratio,ci_lower,ci_upper
Human,1,0.57915758896151048,0.4705882352941177,0.68772694262890344
Human,2,0.71931735657225848,0.59767610748002908,0.83442265795206971
Human,3,0.75780682643427744,0.64923747276688448,0.86020334059549741
Human,4,0.74328249818445913,0.6212781408859841,0.85221496005809738
Human,5,0.68591140159767605,0.55773420479302838,0.80791575889615108
Human,6,0.62236746550472033,0.4941902687000726,0.75054466230936823
Human,7,0.53812636165577343,0.40341321713870731,0.66630355846042122
Human,8,0.53304284676833691,0.39832970225127079,0.66138344226579282
Human,9,0.52033405954974576,0.3856209150326797,0.65504720406681194
Human,10,0.49105931680848441,0.35553089160192369,0.62658774201504508
Human,11,0.50577383154519673,0.36933037365889748,0.64221728943149581
Human,12,0.43916827108201772,0.30766012065203441,0.57747914260043631
Human,13,0.35357207033756899,0.22206391990758559,0.48508022076755231
Human,14,0.3561425576519916,0.23045073375262051,0.48850104821802931
Human,15,0.35371208231720358,0.2272039318872203,0.48702295383562227
Human,16,0.37260565521435079,0.23880105401844531,0.50641025641025639
Human,17,0.35999628390932731,0.2240271805489196,0.4959653872697351
Human,18,0.32572861920688001,0.1897595158464723,0.4616977225672878
Human,19,0.27528167553742999,0.15655169235731889,0.40955661543896837
Human,20,0.24095238095238089,0.11915343915343909,0.37015873015873008
Human,21,0.30157041540020257,0.1735193884130054,0.44672100948696691
Human,22,0.33356618253436948,0.18838955671333349,0.4787428083554055
Human,23,0.2649865884848106,0.1416422348366706,0.39813486370157819
Human,24,0.28768939393939391,0.1568181818181818,0.43446969696969701
Human,25,0.23776223776223779,0.125,0.36948815073815072
Human,26,0.21763042111879319,0.1010174418604651,0.34325240938613027
Human,27,0.23307910310911059,0.105026256564141,0.37039120891333938
Human,28,0.23477297895902541,0.1152454780361757,0.3749354005167958
Human,29,0.19162052417866371,0.07984496124031,0.33178294573643408
Human,30,0.19662236987818379,0.073920265780730895,0.32884828349944628
Human,31,0.25595238095238088,0.125,0.41666666666666657
Human,32,0.25914634146341459,0.1267421602787456,0.42160278745644592
Human,33,0.22678571428571431,0.092857142857142805,0.37321428571428572
Human,34,0.19658119658119649,0.0769230769230769,0.3475783475783476
Human,35,0.2207977207977207,0.0826210826210826,0.37179487179487181
Human,36,0.1953441295546558,0.071862348178137594,0.33805668016194329
Human,37,0.20833333333333329,0.076388888888888798,0.3611111111111111
Human,38,0.2184523809523809,0.063690476190476103,0.37321428571428572
Human,39,0.1801242236024844,0.036024844720496801,0.33850931677018631
Human,40,0.1311688311688311,0.028571428571428501,0.27077922077922079
Human,41,0.1714285714285714,0.042857142857142802,0.31428571428571428
Human,42,0.1333333333333333,0.028571428571428501,0.27619047619047621
Human,43,0.15714285714285711,0.028571428571428501,0.29999999999999999
Human,44,0.081203007518796902,0,0.20300751879699239
Human,45,0.1097744360902255,0.0142857142857142,0.24586466165413531
Human,46,0.17879256965944271,0.041021671826625299,0.34287925696594418
Human,47,0.1547049441786284,0.0151515151515151,0.29425837320574161
Human,48,0.113237639553429,0.0151515151515151,0.25279106858054218
Human,49,0.071770334928229595,0,0.18500797448165859
Human,50,0.073190789473684195,0,0.1726973684210526
DGEM fitted simulation,1,0.70259622367465502,0.6250726216412491,0.7768518518518519
DGEM fitted simulation,2,0.7723856209150326,0.70390341321713867,0.83576615831517787
DGEM fitted simulation,3,0.63122730573710972,0.55038126361655781,0.71043936092955695
DGEM fitted simulation,4,0.58240358521576274,0.49737797653174332,0.66428066353246951
DGEM fitted simulation,5,0.53278580438023171,0.44564380040515228,0.61752295703856586
DGEM fitted simulation,6,0.48312268810491488,0.40104122870720738,0.56536290647946419
DGEM fitted simulation,7,0.43834783642718511,0.36168241197280299,0.51688881032161615
DGEM fitted simulation,8,0.40978077607477897,0.33620201026046109,0.48658629977873752
DGEM fitted simulation,9,0.38696123023608398,0.31226742760131992,0.4641152104116501
DGEM fitted simulation,10,0.35920925225190792,0.29130862286435039,0.42991158792951878
DGEM fitted simulation,11,0.32253702217295838,0.25663068232491171,0.39145277788394978
DGEM fitted simulation,12,0.30144553164562338,0.2427331510360263,0.36353343833743151
DGEM fitted simulation,13,0.29122411683015897,0.23038787016864359,0.35531454061003681
DGEM fitted simulation,14,0.27548413178417158,0.216847886640291,0.33679267408271768
DGEM fitted simulation,15,0.2643488197047219,0.2094299573544588,0.3229392189245201
DGEM fitted simulation,16,0.25844115411201618,0.20790840195791141,0.31150679397687547
DGEM fitted simulation,17,0.25057494474684727,0.2010686909121647,0.30208956094509559
DGEM fitted simulation,18,0.22788427921334789,0.18106265027239979,0.2763177246533734
DGEM fitted simulation,19,0.2267908056341317,0.18246222718437979,0.27293565616279508
DGEM fitted simulation,20,0.22273599026686569,0.17894221021327791,0.26791613045350637
DGEM fitted simulation,21,0.21661153886824511,0.17539939042065619,0.25993834652756731
DGEM fitted simulation,22,0.21335738209207919,0.17150776305279331,0.2561796275878262
DGEM fitted simulation,23,0.22364262724034939,0.1813542463625743,0.26641489537214308
DGEM fitted simulation,24,0.2049423971794416,0.16408935386373211,0.24727092750915819
DGEM fitted simulation,25,0.21216874387120979,0.17195155809131879,0.25442148025797112
DGEM fitted simulation,26,0.20877703968616201,0.16908718950447579,0.25097131843873238
DGEM fitted simulation,27,0.2058739926238172,0.1664105797504325,0.24656745567395649
DGEM fitted simulation,28,0.2063951291352864,0.16542936208606929,0.24866988382851871
DGEM fitted simulation,29,0.2205702559563591,0.18036002101799789,0.26256995713093478
DGEM fitted simulation,30,0.20953326284583829,0.17034261516512139,0.25043817652550188
DGEM fitted simulation,31,0.2062424917632428,0.16718694211899471,0.2469992365262782
DGEM fitted simulation,32,0.19711551198574151,0.1603503279691208,0.23499346023477991
DGEM fitted simulation,33,0.18293820037430791,0.14571114729028911,0.2207807863200415
DGEM fitted simulation,34,0.19477367988245631,0.15595527186957411,0.23481383325365079
DGEM fitted simulation,35,0.18761957497710699,0.1483667301092263,0.22769920661285181
DGEM fitted simulation,36,0.18828527478945331,0.1500954207823007,0.22770245784591381
DGEM fitted simulation,37,0.1995498264724169,0.16103612190289851,0.23963858395874671
DGEM fitted simulation,38,0.18308986465154889,0.14649877451610929,0.2207059781468251
DGEM fitted simulation,39,0.1787958893957472,0.1425830404971983,0.2171682240226569
DGEM fitted simulation,40,0.17688737134971119,0.1391056858003544,0.21623983760332499
DGEM fitted simulation,41,0.17981787103329419,0.1457520338482288,0.21577110438316871
DGEM fitted simulation,42,0.19360672218770819,0.15529999875452941,0.23294996913002669
DGEM fitted simulation,43,0.19516812733117439,0.15511319496062201,0.23748830845742741
DGEM fitted simulation,44,0.1812142380775523,0.14004215718879481,0.2249279340053526
DGEM fitted simulation,45,0.18637270415318841,0.1499902222281583,0.22352251046118779
DGEM fitted simulation,46,0.19240186384863781,0.15733858978297791,0.22828425974253611
DGEM fitted simulation,47,0.18344333991624251,0.14700812047876341,0.22175802176139051
DGEM fitted simulation,48,0.19155738866072941,0.1520985163995838,0.23395404820885149
DGEM fitted simulation,49,0.18207946135590361,0.13919257717496061,0.22691599692226341
DGEM fitted simulation,50,0.19281958676953509,0.1521442783751972,0.23505773077408279
Bayesian,1,0.029598831402479601,0,0.080666412906626003
Bayesian,2,0,0,0
Bayesian,3,0,0,0
Bayesian,4,0.019607843137254902,0,0.045751633986928102
Bayesian,5,0.0148692810457516,0,0.044607843137254903
Bayesian,6,0.0148692810457516,0,0.044607843137254903
Bayesian,7,0.013605442176870699,0,0.034013605442176797
Bayesian,8,0.014999999999999999,0,0.044999999999999998
Bayesian,9,0.026802721088435299,0,0.067074829931972793
Bayesian,10,0.013605442176870699,0,0.034013605442176797
Bayesian,11,0.023760683760683701,0,0.062735042735042698
Bayesian,12,0.0152136752136752,0,0.045641025641025602
Bayesian,13,0,0,0
Bayesian,14,0.0201360544217687,0,0.053741496598639402
Bayesian,15,0.0289079842463301,0,0.080057286072323597
Bayesian,16,0.0087719298245613996,0,0.026315789473684199
Bayesian,17,0.013469387755101999,0,0.0404081632653061
Bayesian,18,0.015438596491228,0,0.046315789473684199
Bayesian,19,0.013469387755101999,0,0.0404081632653061
Bayesian,20,0.0204081632653061,0,0.047619047619047603
Bayesian,21,0.0202721088435374,0,0.054013605442176801
Bayesian,22,0.031623460194888701,0,0.079058650487221896
Bayesian,23,0.0066666666666666003,0,0.02
Bayesian,24,0.0066666666666666003,0,0.02
Bayesian,25,0.052462462462462403,0.0069444444444443998,0.1206006006006005
Bayesian,26,0.0069444444444443998,0,0.020833333333333301
Bayesian,27,0.013333333333333299,0,0.033333333333333298
Bayesian,28,0.02,0,0.046666666666666599
Bayesian,29,0.032129629629629598,0,0.087129629629629599
Bayesian,30,0.0136111111111111,0,0.040833333333333298
Bayesian,31,0,0,0
Bayesian,32,0.020833333333333301,0,0.052083333333333301
Bayesian,33,0.03125,0,0.072916666666666602
Bayesian,34,0,0,0
Bayesian,35,0.0147058823529411,0,0.044117647058823498
Bayesian,36,0.0147058823529411,0,0.044117647058823498
Bayesian,37,0.010869565217391301,0,0.032608695652173898
Bayesian,38,0.0147058823529411,0,0.044117647058823498
Bayesian,39,0.0147058823529411,0,0.044117647058823498
Bayesian,40,0.010869565217391301,0,0.032608695652173898
Bayesian,41,0,0,0
Bayesian,42,0.0303030303030303,0,0.075757575757575704
Bayesian,43,0.021739130434782601,0,0.054347826086956499
Bayesian,44,0.036890645586297698,0,0.0998023715415019
Bayesian,45,0.010869565217391301,0,0.032608695652173898
Bayesian,46,0.010869565217391301,0,0.032608695652173898
Bayesian,47,0.010869565217391301,0,0.032608695652173898
Bayesian,48,0.056324110671936697,0,0.1235177865612648
Bayesian,49,0.043478260869565202,0.010869565217391301,0.086956521739130405
Bayesian,50,0.010869565217391301,0,0.032608695652173898
fRL-decay fitted simulation,1,0.016358024691358001,0.0096223674655047005,0.023729121278140801
fRL-decay fitted simulation,2,0.0166303558460421,0.0095679012345679,0.024655047204066801
fRL-decay fitted simulation,3,0.014105798264724899,0.0076978939724037,0.021149141917975699
fRL-decay fitted simulation,4,0.0109438902266559,0.0054466230936819002,0.017369949929289401
fRL-decay fitted simulation,5,0.0124794557199097,0.0066936131177616999,0.0189829148033482
fRL-decay fitted simulation,6,0.014327485380116901,0.0081431792990099994,0.020595879677407
fRL-decay fitted simulation,7,0.0184592745480258,0.0113308871306807,0.026481099262316999
fRL-decay fitted simulation,8,0.0133642930856553,0.0061489508083935,0.022194511332798199
fRL-decay fitted simulation,9,0.018940870695256601,0.011173221725337299,0.027362114436417801
fRL-decay fitted simulation,10,0.016459650022146201,0.0093433474754424008,0.024212347477690702
fRL-decay fitted simulation,11,0.014964835836868799,0.0077829377364980997,0.023056845545235599
fRL-decay fitted simulation,12,0.015255322401865201,0.0086763750334441,0.022746818025455699
fRL-decay fitted simulation,13,0.015232726504201001,0.0088912805691018001,0.022462064747926402
fRL-decay fitted simulation,14,0.019287734587012099,0.0113948610633337,0.0281199594847685
fRL-decay fitted simulation,15,0.0181685069395261,0.010611649028376399,0.026524098918319701
fRL-decay fitted simulation,16,0.019608692513175902,0.0120626244866584,0.027911496090747299
fRL-decay fitted simulation,17,0.019332364295334001,0.0111076570864557,0.028303441546323801
fRL-decay fitted simulation,18,0.020889148573085901,0.012553089117770699,0.029916419769949
fRL-decay fitted simulation,19,0.017163774853925999,0.0095887693392280003,0.025897127710414702
fRL-decay fitted simulation,20,0.021221057827761,0.012608784523696201,0.0309061438202031
fRL-decay fitted simulation,21,0.019869969290064099,0.011831060019275801,0.028556581645385999
fRL-decay fitted simulation,22,0.021706096757907099,0.0126789420379626,0.031865849418702102
fRL-decay fitted simulation,23,0.028851333706584999,0.017511901892259901,0.041834780462425301
fRL-decay fitted simulation,24,0.023369504114806101,0.013857324112358399,0.034026296476249197
fRL-decay fitted simulation,25,0.025681441275308602,0.0149432539932356,0.037892116111437099
fRL-decay fitted simulation,26,0.030484576975299101,0.017919439345350001,0.044654361595726499
fRL-decay fitted simulation,27,0.029458669305227898,0.0166808160750763,0.043956403384175897
fRL-decay fitted simulation,28,0.034654969472718303,0.021077262198546699,0.050020631040261401
fRL-decay fitted simulation,29,0.036730032920811402,0.022473773120645999,0.052911720696923202
fRL-decay fitted simulation,30,0.040977334220739202,0.0259216423461851,0.058036651706101103
fRL-decay fitted simulation,31,0.031454703388827901,0.017531367566519698,0.047723748937521702
fRL-decay fitted simulation,32,0.043954614108616098,0.0279805762855251,0.062194878046957301
fRL-decay fitted simulation,33,0.040870820902665903,0.025192271405010298,0.0588442115370017
fRL-decay fitted simulation,34,0.043719741888272698,0.027877404216362901,0.061543912674465302
fRL-decay fitted simulation,35,0.043228506194546497,0.027341668935971199,0.061129438028560502
fRL-decay fitted simulation,36,0.039506120009317101,0.023568875392392701,0.0575805475577972
fRL-decay fitted simulation,37,0.042809900932282999,0.025672357494700301,0.061605048706587298
fRL-decay fitted simulation,38,0.044007425020926902,0.025340348685963798,0.065453607300119995
fRL-decay fitted simulation,39,0.057242229836968202,0.036565565884789597,0.080640932034318394
fRL-decay fitted simulation,40,0.044354851788164298,0.0262733776297496,0.0651736435390321
fRL-decay fitted simulation,41,0.052086661387234001,0.032653401198387597,0.073913537216233199
fRL-decay fitted simulation,42,0.054878446022730003,0.035082699252840598,0.0773282720308614
fRL-decay fitted simulation,43,0.060013800640760902,0.038099618850082999,0.084519010463131095
fRL-decay fitted simulation,44,0.057328960755843601,0.036894145764731302,0.0801228679749134
fRL-decay fitted simulation,45,0.056221690819214,0.035092738728897101,0.079669336282737105
fRL-decay fitted simulation,46,0.057453195636384201,0.036141358341995299,0.080914577590827402
fRL-decay fitted simulation,47,0.068781341549406405,0.045410816838797399,0.094876273301599007
fRL-decay fitted simulation,48,0.065306077499199006,0.0419267027163297,0.091132068087863102
fRL-decay fitted simulation,49,0.064495774819486304,0.039500620832468698,0.092030709067412994
fRL-decay fitted simulation,50,0.068007980524421502,0.045244224903299199,0.092728782206851698
naiveRL fitted simulation,1,0.016358024691358001,0.0089869281045751002,0.023729121278140801
naiveRL fitted simulation,2,0.0159949164851125,0.0092592592592591998,0.023692810457516301
naiveRL fitted simulation,3,0.015374765890761701,0.0083486220999120005,0.023380346290563001
naiveRL fitted simulation,4,0.013450292397660799,0.0070261437908495997,0.0208032335741314
naiveRL fitted simulation,5,0.014992546726292799,0.0088951955051026002,0.021451095057906201
naiveRL fitted simulation,6,0.0126438099606314,0.0068044566754576997,0.0191033138401559
naiveRL fitted simulation,7,0.0170909299392271,0.0102358292244773,0.024791690555364398
naiveRL fitted simulation,8,0.014095287237702,0.0071130986507663002,0.022658907617627899
naiveRL fitted simulation,9,0.017656614302641101,0.0100743416274892,0.026219279134655799
naiveRL fitted simulation,10,0.016807132209608899,0.0096758781485302998,0.0248490234300347
naiveRL fitted simulation,11,0.015765478814441,0.0086327675427978999,0.023545767559785401
naiveRL fitted simulation,12,0.015654635256745101,0.0088320231709751,0.022904318864214498
naiveRL fitted simulation,13,0.016616484787802099,0.0096013747648913995,0.024491583558979999
naiveRL fitted simulation,14,0.019127877042343099,0.0109645356824073,0.028140484091813502
naiveRL fitted simulation,15,0.015827308385164,0.0088592219366819998,0.023756130183347698
naiveRL fitted simulation,16,0.016453298438971899,0.0090347055001337006,0.024754286475512099
naiveRL fitted simulation,17,0.0189580205943682,0.0109469536008417,0.0277157070561155
naiveRL fitted simulation,18,0.0174967911077335,0.0099305077781598992,0.025844150619707101
naiveRL fitted simulation,19,0.018387840976150399,0.0108761345413957,0.026597945945274301
naiveRL fitted simulation,20,0.018377088299756299,0.010923973538327299,0.026374798484601902
naiveRL fitted simulation,21,0.021137813857339701,0.0129941854909605,0.030015591590953499
naiveRL fitted simulation,22,0.019735263577586301,0.011539578638345401,0.0289247471514055
naiveRL fitted simulation,23,0.026141166012849899,0.0168121830997255,0.036687651518947401
naiveRL fitted simulation,24,0.022339572626447701,0.013399084601525699,0.032323570859496803
naiveRL fitted simulation,25,0.023056721611258602,0.0139145217220135,0.033041544948055897
naiveRL fitted simulation,26,0.025378314522166,0.0150518569883781,0.0369688669461277
naiveRL fitted simulation,27,0.0232337060122173,0.0134347095528565,0.033905896928102398
naiveRL fitted simulation,28,0.025874451579182198,0.0159009081164527,0.0373342309639699
naiveRL fitted simulation,29,0.030227612698507801,0.018279718613440198,0.043632313168623003
naiveRL fitted simulation,30,0.0308593395337191,0.019301148969836601,0.043883115548667098
naiveRL fitted simulation,31,0.022523427676936401,0.012397803814803701,0.033581085577505797
naiveRL fitted simulation,32,0.0249068694851819,0.0142196915307143,0.037027695445379198
naiveRL fitted simulation,33,0.025094196166177501,0.0134862082274577,0.038201596995402799
naiveRL fitted simulation,34,0.028844245136814699,0.016738943741491399,0.042394810617849797
naiveRL fitted simulation,35,0.029670386356326899,0.0169785893245335,0.044254361650975897
naiveRL fitted simulation,36,0.0256696145012759,0.0146971830620879,0.0383030472540105
naiveRL fitted simulation,37,0.0261258832358763,0.0144365546173144,0.039480801775639597
naiveRL fitted simulation,38,0.0317331603513284,0.017417937109130002,0.048298619091499503
naiveRL fitted simulation,39,0.0338492300867601,0.018069505469208699,0.0520759879624796
naiveRL fitted simulation,40,0.036897324350024699,0.0202725297359477,0.056430446536225601
naiveRL fitted simulation,41,0.038052081726832297,0.020906864141190699,0.0591893737787808
naiveRL fitted simulation,42,0.028437852550731699,0.0149131417070241,0.043968090509063799
naiveRL fitted simulation,43,0.040579868601416401,0.021584638678056298,0.063573697672032803
naiveRL fitted simulation,44,0.041332451494345099,0.022741862060344301,0.062404070781586198
naiveRL fitted simulation,45,0.048470250406309902,0.026657282024955899,0.074414364570614497
naiveRL fitted simulation,46,0.040604809062158402,0.022199799774631799,0.062486790788057703
naiveRL fitted simulation,47,0.056817563400810699,0.032498428025442498,0.084799531503339104
naiveRL fitted simulation,48,0.0498355532035012,0.0270338459180854,0.077044756899821099
naiveRL fitted simulation,49,0.045260888778690597,0.021584651493062199,0.073201303370453205
naiveRL fitted simulation,50,0.047181494577865399,0.023708994546117201,0.074744552699542693
