source,phase,mean_effective_attention_temperature
fitting,P1,2.0617400640622412
fitting,P1,1.0486680419304713
fitting,P1,0.67853289968529373
fitting,P1,0.64177556658905133
fitting,P1,2.6529703724478719
fitting,P1,0.55797445046444893
fitting,P1,13.13806624292557
fitting,P1,1.1836167321792537
fitting,P1,1.1746396384562421
fitting,P1,1.3887805897255729
fitting,P1,0.90293547327158818
fitting,P1,0.6103414878711011
fitting,P1,0.28869821793603651
fitting,P1,0.70398216816285308
fitting,P1,0.9325698342276304
fitting,P1,0.65683398168144369
fitting,P1,0.91424495479360801
fitting,P1,0.5668638599844561
fitting,P1,0.82014460754314544
fitting,P1,1.3020612354431105
fitting,P1,3.2065296861849739
fitting,P1,1.634899617570529
fitting,P1,1.3044015677934977
fitting,P1,0.53648594814032069
fitting,P1,0.93159554324626803
fitting,P1,0.85618645765574519
fitting,P1,0.81552764387934051
fitting,P1,0.91967080478890761
fitting,P1,0.42532941211199699
fitting,P1,1.4479115255885686
fitting,P1,0.29142955150719541
fitting,P1,0.45193956643099858
fitting,P1,0.67599922683319025
fitting,P1,0.71502338057021686
fitting,P1,0.88707385124830096
fitting,P1,0.59110232756563286
fitting,P1,2.0243153203431428
fitting,P1,1.0890467839228155
fitting,P1,0.81645608896764643
fitting,P1,4.2855866771108548
fitting,P1,1.393674529412573
fitting,P1,0.33255206765860901
fitting,P1,0.74502103060417746
fitting,P1,1.3828666881925344
fitting,P1,0.88452051310290403
fitting,P1,0.89342027842963578
fitting,P1,1.5000912228308889
fitting,P1,0.72137276207897993
fitting,P1,1.8961691569825521
fitting,P1,0.83526406346276372
fitting,P1,0.58719577904845988
fitting,P2,0.26141271652906523
fitting,P2,0.54376706774060002
fitting,P2,14.9511591493232
fitting,P2,0.95323740366633503
fitting,P2,1.4002389985164776
fitting,P2,0.50575735819364331
fitting,P2,6883.3333388888959
fitting,P2,1.8706685660709601
fitting,P2,0.53465336225016169
fitting,P2,1.1963777035241194
fitting,P2,1.1820323933129306
fitting,P2,0.27527433467871748
fitting,P2,1.8695607469240736
fitting,P2,0.28619983913065472
fitting,P2,0.70822410225699817
fitting,P2,0.69748797149260544
fitting,P2,2.8371917982144002
fitting,P2,0.92576480427812602
fitting,P2,0.83251294851128155
fitting,P2,1.3247551864671878
fitting,P2,2.622347729268772
fitting,P2,0.82947886928050085
fitting,P2,0.1769984132055174
fitting,P2,0.24898548549862479
fitting,P2,0.24225699919601729
fitting,P2,7080.5256623712194
fitting,P2,0.45659112617146991
fitting,P2,1.2724898233231274
fitting,P2,0.25959555264981182
fitting,P2,1.1226091084985053
fitting,P2,1.712424918949331
fitting,P2,0.78155457938515582
fitting,P2,0.20653419780312321
fitting,P2,0.6610880708849588
fitting,P2,0.68769091549602035
fitting,P2,2.5774088238690864
fitting,P2,8712.0402856347973
fitting,P2,0.70803270260882734
fitting,P2,0.98243176925476983
fitting,P2,2.9430426974037811
fitting,P2,4.067664278104016
fitting,P2,2.4710621508235677
fitting,P2,1.3430378250374635
fitting,P2,1.4436789675895618
fitting,P2,0.36271665321811952
fitting,P2,0.76647609649000192
fitting,P2,0.098823625059985307
fitting,P2,0.8903375605894519
fitting,P2,7922.2222259259306
fitting,P2,1.0865324082753012
fitting,P2,0.2170888706518202
simulation,P1,0.17201763332075459
simulation,P1,0.30698406395960481
simulation,P1,0.31423870350555888
simulation,P1,0.045632829177288801
simulation,P1,0.30192094051105067
simulation,P1,0.15161760109345801
simulation,P1,0.27834120649707089
simulation,P1,0.1562745813256714
simulation,P1,0.14105318731751409
simulation,P1,0.105131387205015
simulation,P1,0.2328146398730547
simulation,P1,0.44796854186562429
simulation,P1,0.36148552813765927
simulation,P1,0.10371376593458741
simulation,P1,0.2068126199146037
simulation,P1,0.13076487492682079
simulation,P1,0.1421834804938101
simulation,P1,0.15766098050325869
simulation,P1,0.24582063474367249
simulation,P1,0.19619300174482771
simulation,P1,0.173570821900182
simulation,P1,0.62342442674205401
simulation,P1,0.2017821436895349
simulation,P1,0.13695770010946501
simulation,P1,0.070224441178152006
simulation,P1,0.16767971274320739
simulation,P1,0.18623747367235699
simulation,P1,0.16161858765059581
simulation,P1,0.2666404058564405
simulation,P1,0.20358184337258159
simulation,P1,0.13928954160438989
simulation,P1,0.12902949726929269
simulation,P1,0.4720934445773472
simulation,P1,0.56419744859004439
simulation,P1,0.080428750441602595
simulation,P1,0.38069320480474761
simulation,P1,0.2274285974061738
simulation,P1,0.15109854044870269
simulation,P1,0.31107811742679348
simulation,P1,0.52803765984760387
simulation,P1,0.72947575803268383
simulation,P1,0.23592789801449829
simulation,P1,0.3029316949039827
simulation,P1,0.2082080704675551
simulation,P1,0.061084802613196897
simulation,P1,0.54834922407925668
simulation,P1,0.14311449351509059
simulation,P1,0.2029604591968833
simulation,P1,0.0084929038721804004
simulation,P1,0.088604708045591896
simulation,P1,0.14192464930730109
simulation,P1,0.64656884703816653
simulation,P1,0.43407859197941162
simulation,P1,0.21552820487331831
simulation,P1,0.36562973601875232
simulation,P1,0.0152370812662024
simulation,P1,0.16936014741938471
simulation,P1,0.056453016948695901
simulation,P1,0.1229352372765402
simulation,P1,0.16056051436504509
simulation,P1,0.23348580793634241
simulation,P1,0.069346036054517404
simulation,P1,0.49789722938196551
simulation,P1,0.15000132038207659
simulation,P1,0.4382428876205392
simulation,P1,0.1191825710411886
simulation,P1,0.33106260032938722
simulation,P1,0.19905325602557369
simulation,P1,0.66744272209867173
simulation,P1,0.2383747912342622
simulation,P1,0.099336113415348801
simulation,P1,0.38505562819924533
simulation,P1,0.21538308530047259
simulation,P1,0.096572178582550905
simulation,P1,0.15927973802634149
simulation,P1,0.1551708837420781
simulation,P1,0.2027899783320086
simulation,P1,0.31781962577625078
simulation,P1,0.23903117305421029
simulation,P1,0.31405403516190938
simulation,P1,0.35348010383883283
simulation,P1,0.2046263970468831
simulation,P1,0.3578873780212406
simulation,P1,0.48608467432404551
simulation,P1,0.1056441731019024
simulation,P1,0.58197091418271707
simulation,P1,0.29828000108046132
simulation,P1,0.24299263966621659
simulation,P1,0.038771642019488302
simulation,P1,0.45323652850899021
simulation,P1,0.22344148599675159
simulation,P1,0.091041058356498603
simulation,P1,0.0036966652152949
simulation,P1,0.2135489195393962
simulation,P1,0.023835074046582201
simulation,P1,0.57597506345499105
simulation,P1,0.12422914119722291
simulation,P1,0.25940363361528079
simulation,P1,0.2609826415292828
simulation,P1,0.20281710138676809
simulation,P2,0.044322493146219798
simulation,P2,0.14610386805692069
simulation,P2,0.2271762984552663
simulation,P2,0.20428615941529871
simulation,P2,0.079809549505791805
simulation,P2,0.5441474392455774
simulation,P2,0.18370956415070319
simulation,P2,0.045136203503755599
simulation,P2,0.25615556077804552
simulation,P2,0.068391541680353996
simulation,P2,0.48784854215989498
simulation,P2,0.24253705766148889
simulation,P2,0.19541677027100041
simulation,P2,0.1085262772197519
simulation,P2,0.094763615246955896
simulation,P2,0.0561388269291807
simulation,P2,0.4151596576323871
simulation,P2,0.16709246821146129
simulation,P2,0.17578117833270451
simulation,P2,0.21272314245596999
simulation,P2,0.19059776250530311
simulation,P2,0.064368640435990304
simulation,P2,0.2296036955570705
simulation,P2,0.17429247443595069
simulation,P2,0.41091588475836149
simulation,P2,0.2931561485909831
simulation,P2,0.19772822993951389
simulation,P2,0.44737466549041721
simulation,P2,1.0239556194709865
simulation,P2,0.31765836217630622
simulation,P2,0.59024274977677793
simulation,P2,0.087630032260983495
simulation,P2,0.1832496878084654
simulation,P2,1.3106526107656804
simulation,P2,0.22277106678738981
simulation,P2,0.29819282443380157
simulation,P2,0.38526511552896431
simulation,P2,0.088888050601189594
simulation,P2,0.073268013324703604
simulation,P2,0.52629244645662343
simulation,P2,0.1857909100853716
simulation,P2,0.1160265624290587
simulation,P2,0.1163002739758775
simulation,P2,1.2345682220906766
simulation,P2,0.27731682266861502
simulation,P2,0.1585199229383156
simulation,P2,0.1215320797079551
simulation,P2,0.041441063851675397
simulation,P2,0.54227964065636292
simulation,P2,0.30608223329655082
simulation,P2,0.24621658572600899
simulation,P2,0.067066112235941597
simulation,P2,0.1309515808287906
simulation,P2,0.95792962266077597
simulation,P2,0.20777604094052829
simulation,P2,0.067959324337958094
simulation,P2,0.068255899267374701
simulation,P2,0.53570049767577776
simulation,P2,0.20048252390246901
simulation,P2,0.97993295847812079
simulation,P2,0.1478770621116155
simulation,P2,0.42934373870097869
simulation,P2,0.3112650737616029
simulation,P2,0.2391064383317498
simulation,P2,0.3558059002349937
simulation,P2,0.43266486251556641
simulation,P2,0.26724149379549261
simulation,P2,0.36816852953884871
simulation,P2,0.070647337867598706
simulation,P2,0.28797763040415808
simulation,P2,0.4964528791232885
simulation,P2,0.13413409430758341
simulation,P2,0.31166577783463889
simulation,P2,0.2493619057908649
simulation,P2,1.2715156889745656
simulation,P2,0.38179272552949978
simulation,P2,0.092751055352340905
simulation,P2,0.22637511818208669
simulation,P2,0.24491858600389779
simulation,P2,0.2057034179502831
simulation,P2,0.057052238540984401
simulation,P2,0.1520681282498362
simulation,P2,0.2369996427544675
simulation,P2,0.0079868445623018994
simulation,P2,0.2448651006510057
simulation,P2,0.17689440700262429
simulation,P2,0.1975823145605981
simulation,P2,0.047025573398878702
simulation,P2,0.0280553050805981
simulation,P2,0.28539589956894129
simulation,P2,0.47924706601031691
simulation,P2,0.23833521979781419
simulation,P2,0.068750260269171207
simulation,P2,1.1615491021230862
simulation,P2,0.1011952776951523
simulation,P2,0.56527224683775623
simulation,P2,0.1907278688915707
simulation,P2,0.1140408984415692
simulation,P2,0.4405219366918085
simulation,P2,0.098093464367443095
