subject,game_mode,n_dims_with_k_feats
26050701,with_obs,4
26050702,with_obs,5
26050801,with_obs,2
26050901,with_obs,3
26050902,with_obs,4
26050903,with_obs,5
26051101,with_obs,5
26051102,with_obs,5
26051103,with_obs,5
26051104,with_obs,4
26051105,with_obs,1
26051201,with_obs,5
26051202,with_obs,2
26051203,with_obs,5
26051204,with_obs,5
26051301,with_obs,5
26051302,with_obs,5
26051303,with_obs,5
26051304,with_obs,5
26051401,with_obs,5
26051402,with_obs,5
26051403,with_obs,2
26051404,with_obs,5
26051501,with_obs,4
26051502,with_obs,4
26051503,with_obs,5
26051801,with_obs,5
26051802,with_obs,5
26061202,with_obs,5
26061402,with_obs,5
26061503,with_obs,2
26062201,with_obs,4
26062202,with_obs,4
26062301,with_obs,3
26062302,with_obs,1
26062503,with_obs,1
26062504,with_obs,2
26062701,with_obs,4
26070101,with_obs,4
26070601,with_obs,5
26051901,without_obs,3
26051902,without_obs,4
26052001,without_obs,3
26052002,without_obs,2
26052003,without_obs,2
26052102,without_obs,4
26052103,without_obs,1
26052201,without_obs,3
26052202,without_obs,2
26052301,without_obs,4
26052302,without_obs,3
26052303,without_obs,4
26060301,without_obs,5
26060302,without_obs,5
26060401,without_obs,5
26060402,without_obs,4
26060403,without_obs,5
26060404,without_obs,5
26060405,without_obs,4
26060501,without_obs,1
26060502,without_obs,2
26060503,without_obs,4
26060601,without_obs,5
26060602,without_obs,4
26060603,without_obs,1
26060801,without_obs,3
26060802,without_obs,5
26060901,without_obs,4
26060902,without_obs,3
26060903,without_obs,3
26060904,without_obs,3
26061001,without_obs,0
26061101,without_obs,4
26061102,without_obs,2
26061103,without_obs,4
26061201,without_obs,5
26061401,without_obs,4
26061501,without_obs,4
26061502,without_obs,5
26062501,without_obs,5
