subject_id,trial,condition,selected_group
26050701,trial_34,FDS,FDS_D
26050701,trial_37,FDS,FDS_D
26050701,trial_38,FDS,FDS_D
26050702,trial_1,FDS,FDS_D
26050702,trial_33,FDS,FDS_D
26050702,trial_34,FDS,FDS_D
26050702,trial_50,FDS,FDS_D
26051101,trial_8,FDS,FDS_D
26051101,trial_9,FDS,FDS_D
26051101,trial_10,FDS,FDS_D
26051101,trial_17,FDS,FDS_D
26051102,trial_1,FDS,FDS_D
26051102,trial_10,FDS,FDS_D
26051102,trial_29,FDS,FDS_D
26051103,trial_2,FDS,FDS_D
26051103,trial_3,FDS,FDS_D
26051103,trial_22,FDS,FDS_D
26051103,trial_30,FDS,FDS_D
26051103,trial_37,FDS,FDS_D
26051103,trial_40,FDS,FDS_D
26051103,trial_46,FDS,FDS_D
26051103,trial_48,FDS,FDS_D
26051103,trial_49,FDS,FDS_D
26051103,trial_53,FDS,FDS_D
26051104,trial_17,FDS,FDS_D
26051104,trial_19,FDS,FDS_D
26051104,trial_20,FDS,FDS_D
26051201,trial_14,FDS,FDS_D
26051201,trial_18,FDS,FDS_D
26051201,trial_19,FDS,FDS_D
26051201,trial_25,FDS,FDS_D
26051201,trial_26,FDS,FDS_D
26051201,trial_28,FDS,FDS_D
26051203,trial_1,FDS,FDS_D
26051204,trial_5,FDS,FDS_D
26051204,trial_10,FDS,FDS_D
26051204,trial_11,FDS,FDS_D
26051301,trial_9,FDS,FDS_D
26051301,trial_10,FDS,FDS_D
26051301,trial_34,FDS,FDS_D
26051301,trial_36,FDS,FDS_D
26051302,trial_14,FDS,FDS_D
26051303,trial_1,FDS,FDS_D
26051303,trial_7,FDS,FDS_D
26051303,trial_9,FDS,FDS_D
26051303,trial_14,FDS,FDS_D
26051303,trial_15,FDS,FDS_D
26051304,trial_1,FDS,FDS_D
26051304,trial_4,FDS,FDS_D
26051304,trial_11,FDS,FDS_D
26051304,trial_19,FDS,FDS_D
26051402,trial_12,FDS,FDS_D
26051402,trial_13,FDS,FDS_D
26051402,trial_28,FDS,FDS_D
26051402,trial_29,FDS,FDS_D
26051404,trial_11,FDS,FDS_D
26051404,trial_14,FDS,FDS_D
26051404,trial_16,FDS,FDS_D
26051404,trial_17,FDS,FDS_D
26051404,trial_55,FDS,FDS_D
26051501,trial_5,FDS,FDS_D
26051501,trial_6,FDS,FDS_D
26051501,trial_11,FDS,FDS_D
26051501,trial_18,FDS,FDS_D
26051501,trial_20,FDS,FDS_D
26051501,trial_23,FDS,FDS_D
26051501,trial_24,FDS,FDS_D
26051501,trial_25,FDS,FDS_D
26051501,trial_28,FDS,FDS_D
26051501,trial_30,FDS,FDS_D
26051501,trial_35,FDS,FDS_D
26051501,trial_36,FDS,FDS_D
26051501,trial_38,FDS,FDS_D
26051501,trial_44,FDS,FDS_D
26051503,trial_19,FDS,FDS_D
26051503,trial_21,FDS,FDS_D
26051503,trial_22,FDS,FDS_D
26051503,trial_32,FDS,FDS_D
26051503,trial_33,FDS,FDS_D
26051801,trial_9,FDS,FDS_D
26051801,trial_23,FDS,FDS_D
26051801,trial_25,FDS,FDS_D
26051802,trial_20,FDS,FDS_D
26051902,trial_14,FDS,FDS_D
26051902,trial_16,FDS,FDS_D
26051902,trial_25,FDS,FDS_D
26051902,trial_32,FDS,FDS_D
26051902,trial_44,FDS,FDS_D
26051902,trial_47,FDS,FDS_D
26051902,trial_48,FDS,FDS_D
26051902,trial_55,FDS,FDS_D
26052002,trial_60,FDS,FDS_D
26052003,trial_50,FDS,FDS_D
26052003,trial_52,FDS,FDS_D
26052003,trial_57,FDS,FDS_D
26052102,trial_7,FDS,FDS_D
26052102,trial_24,FDS,FDS_D
26052102,trial_25,FDS,FDS_D
26052102,trial_27,FDS,FDS_D
26052102,trial_30,FDS,FDS_D
26052102,trial_33,FDS,FDS_D
26052102,trial_39,FDS,FDS_D
26052102,trial_55,FDS,FDS_D
26052103,trial_28,FDS,FDS_D
26052103,trial_30,FDS,FDS_D
26052103,trial_31,FDS,FDS_D
26052103,trial_33,FDS,FDS_D
26052103,trial_35,FDS,FDS_D
26052103,trial_42,FDS,FDS_D
26052301,trial_29,FDS,FDS_D
26052301,trial_30,FDS,FDS_D
26052301,trial_31,FDS,FDS_D
26052302,trial_1,FDS,FDS_D
26052302,trial_3,FDS,FDS_D
26052302,trial_4,FDS,FDS_D
26052302,trial_15,FDS,FDS_D
26052303,trial_8,FDS,FDS_D
26052303,trial_10,FDS,FDS_D
26060301,trial_3,FDS,FDS_D
26060301,trial_6,FDS,FDS_D
26060301,trial_7,FDS,FDS_D
26060301,trial_13,FDS,FDS_D
26060301,trial_14,FDS,FDS_D
26060301,trial_17,FDS,FDS_D
26060302,trial_17,FDS,FDS_D
26060302,trial_18,FDS,FDS_D
26060302,trial_32,FDS,FDS_D
26060401,trial_5,FDS,FDS_D
26060401,trial_6,FDS,FDS_D
26060402,trial_14,FDS,FDS_D
26060402,trial_15,FDS,FDS_D
26060402,trial_16,FDS,FDS_D
26060402,trial_17,FDS,FDS_D
26060402,trial_29,FDS,FDS_D
26060402,trial_30,FDS,FDS_D
26060402,trial_31,FDS,FDS_D
26060402,trial_46,FDS,FDS_D
26060403,trial_18,FDS,FDS_D
26060403,trial_19,FDS,FDS_D
26060403,trial_20,FDS,FDS_D
26060403,trial_21,FDS,FDS_D
26060403,trial_41,FDS,FDS_D
26060403,trial_42,FDS,FDS_D
26060403,trial_43,FDS,FDS_D
26060403,trial_44,FDS,FDS_D
26060404,trial_18,FDS,FDS_D
26060404,trial_19,FDS,FDS_D
26060404,trial_20,FDS,FDS_D
26060404,trial_43,FDS,FDS_D
26060405,trial_14,FDS,FDS_D
26060405,trial_28,FDS,FDS_D
26060405,trial_51,FDS,FDS_D
26060601,trial_6,FDS,FDS_D
26060601,trial_7,FDS,FDS_D
26060601,trial_8,FDS,FDS_D
26060602,trial_35,FDS,FDS_D
26060602,trial_36,FDS,FDS_D
26060602,trial_37,FDS,FDS_D
26060603,trial_44,FDS,FDS_D
26060801,trial_13,FDS,FDS_D
26060801,trial_14,FDS,FDS_D
26060801,trial_42,FDS,FDS_D
26060802,trial_10,FDS,FDS_D
26060901,trial_9,FDS,FDS_D
26060901,trial_10,FDS,FDS_D
26060901,trial_11,FDS,FDS_D
26060901,trial_14,FDS,FDS_D
26060901,trial_37,FDS,FDS_D
26060902,trial_6,FDS,FDS_D
26060902,trial_7,FDS,FDS_D
26060903,trial_5,FDS,FDS_D
26060904,trial_3,FDS,FDS_D
26060904,trial_4,FDS,FDS_D
26060904,trial_5,FDS,FDS_D
26061101,trial_8,FDS,FDS_D
26061102,trial_10,FDS,FDS_D
26061102,trial_35,FDS,FDS_D
26061103,trial_12,FDS,FDS_D
26061103,trial_13,FDS,FDS_D
26061103,trial_14,FDS,FDS_D
26061103,trial_15,FDS,FDS_D
26061103,trial_16,FDS,FDS_D
26061103,trial_29,FDS,FDS_D
26061103,trial_30,FDS,FDS_D
26061103,trial_31,FDS,FDS_D
26061103,trial_36,FDS,FDS_D
26061202,trial_8,FDS,FDS_D
26061202,trial_10,FDS,FDS_D
26061202,trial_20,FDS,FDS_D
26061202,trial_31,FDS,FDS_D
26061401,trial_17,FDS,FDS_D
26061401,trial_18,FDS,FDS_D
26061401,trial_19,FDS,FDS_D
26061401,trial_36,FDS,FDS_D
26061401,trial_38,FDS,FDS_D
26061401,trial_54,FDS,FDS_D
26061402,trial_9,FDS,FDS_D
26061501,trial_2,FDS,FDS_D
26061501,trial_4,FDS,FDS_D
26061501,trial_12,FDS,FDS_D
26061502,trial_8,FDS,FDS_D
26061502,trial_9,FDS,FDS_D
26061502,trial_10,FDS,FDS_D
26061502,trial_13,FDS,FDS_D
26061502,trial_16,FDS,FDS_D
26061502,trial_27,FDS,FDS_D
26061503,trial_1,FDS,FDS_D
26061503,trial_2,FDS,FDS_D
26061503,trial_3,FDS,FDS_D
26062201,trial_7,FDS,FDS_D
26062201,trial_8,FDS,FDS_D
26062201,trial_16,FDS,FDS_D
26062201,trial_20,FDS,FDS_D
26062201,trial_24,FDS,FDS_D
26062201,trial_28,FDS,FDS_D
26062201,trial_29,FDS,FDS_D
26062201,trial_30,FDS,FDS_D
26062201,trial_31,FDS,FDS_D
26062201,trial_33,FDS,FDS_D
26062201,trial_35,FDS,FDS_D
26062201,trial_37,FDS,FDS_D
26062201,trial_38,FDS,FDS_D
26062201,trial_44,FDS,FDS_D
26062201,trial_45,FDS,FDS_D
26062201,trial_52,FDS,FDS_D
26062201,trial_53,FDS,FDS_D
26062201,trial_55,FDS,FDS_D
26062201,trial_60,FDS,FDS_D
26062202,trial_30,FDS,FDS_D
26062202,trial_33,FDS,FDS_D
26062501,trial_10,FDS,FDS_D
26062501,trial_11,FDS,FDS_D
26062501,trial_12,FDS,FDS_D
26062501,trial_13,FDS,FDS_D
26062501,trial_31,FDS,FDS_D
26062701,trial_6,FDS,FDS_D
26062701,trial_8,FDS,FDS_D
26062701,trial_9,FDS,FDS_D
26062701,trial_31,FDS,FDS_D
26062701,trial_42,FDS,FDS_D
26062701,trial_54,FDS,FDS_D
26062701,trial_56,FDS,FDS_D
26070601,trial_6,FDS,FDS_D
26070601,trial_7,FDS,FDS_D
26070601,trial_8,FDS,FDS_D
26070601,trial_9,FDS,FDS_D
26050701,trial_19,nonFDS,nonFDS_random_seed_234
26050702,trial_54,nonFDS,nonFDS_random_seed_234
26050801,trial_12,nonFDS,nonFDS_random_seed_234
26050801,trial_24,nonFDS,nonFDS_random_seed_234
26050801,trial_33,nonFDS,nonFDS_random_seed_234
26050801,trial_4,nonFDS,nonFDS_random_seed_234
26050801,trial_41,nonFDS,nonFDS_random_seed_234
26051101,trial_2,nonFDS,nonFDS_random_seed_234
26051102,trial_60,nonFDS,nonFDS_random_seed_234
26051102,trial_8,nonFDS,nonFDS_random_seed_234
26051104,trial_25,nonFDS,nonFDS_random_seed_234
26051104,trial_42,nonFDS,nonFDS_random_seed_234
26051202,trial_20,nonFDS,nonFDS_random_seed_234
26051202,trial_42,nonFDS,nonFDS_random_seed_234
26051202,trial_48,nonFDS,nonFDS_random_seed_234
26051202,trial_56,nonFDS,nonFDS_random_seed_234
26051203,trial_33,nonFDS,nonFDS_random_seed_234
26051203,trial_47,nonFDS,nonFDS_random_seed_234
26051204,trial_24,nonFDS,nonFDS_random_seed_234
26051301,trial_5,nonFDS,nonFDS_random_seed_234
26051302,trial_32,nonFDS,nonFDS_random_seed_234
26051302,trial_46,nonFDS,nonFDS_random_seed_234
26051302,trial_56,nonFDS,nonFDS_random_seed_234
26051302,trial_57,nonFDS,nonFDS_random_seed_234
26051302,trial_8,nonFDS,nonFDS_random_seed_234
26051303,trial_16,nonFDS,nonFDS_random_seed_234
26051303,trial_28,nonFDS,nonFDS_random_seed_234
26051303,trial_33,nonFDS,nonFDS_random_seed_234
26051303,trial_39,nonFDS,nonFDS_random_seed_234
26051303,trial_40,nonFDS,nonFDS_random_seed_234
26051303,trial_43,nonFDS,nonFDS_random_seed_234
26051303,trial_51,nonFDS,nonFDS_random_seed_234
26051303,trial_52,nonFDS,nonFDS_random_seed_234
26051304,trial_21,nonFDS,nonFDS_random_seed_234
26051304,trial_24,nonFDS,nonFDS_random_seed_234
26051402,trial_24,nonFDS,nonFDS_random_seed_234
26051402,trial_35,nonFDS,nonFDS_random_seed_234
26051403,trial_10,nonFDS,nonFDS_random_seed_234
26051403,trial_11,nonFDS,nonFDS_random_seed_234
26051403,trial_17,nonFDS,nonFDS_random_seed_234
26051403,trial_23,nonFDS,nonFDS_random_seed_234
26051403,trial_30,nonFDS,nonFDS_random_seed_234
26051403,trial_42,nonFDS,nonFDS_random_seed_234
26051403,trial_47,nonFDS,nonFDS_random_seed_234
26051403,trial_59,nonFDS,nonFDS_random_seed_234
26051404,trial_12,nonFDS,nonFDS_random_seed_234
26051404,trial_27,nonFDS,nonFDS_random_seed_234
26051404,trial_31,nonFDS,nonFDS_random_seed_234
26051404,trial_41,nonFDS,nonFDS_random_seed_234
26051404,trial_42,nonFDS,nonFDS_random_seed_234
26051404,trial_46,nonFDS,nonFDS_random_seed_234
26051501,trial_26,nonFDS,nonFDS_random_seed_234
26051501,trial_32,nonFDS,nonFDS_random_seed_234
26051501,trial_40,nonFDS,nonFDS_random_seed_234
26051501,trial_50,nonFDS,nonFDS_random_seed_234
26051501,trial_51,nonFDS,nonFDS_random_seed_234
26051501,trial_52,nonFDS,nonFDS_random_seed_234
26051501,trial_56,nonFDS,nonFDS_random_seed_234
26051501,trial_57,nonFDS,nonFDS_random_seed_234
26051501,trial_8,nonFDS,nonFDS_random_seed_234
26051502,trial_3,nonFDS,nonFDS_random_seed_234
26051801,trial_30,nonFDS,nonFDS_random_seed_234
26051802,trial_13,nonFDS,nonFDS_random_seed_234
26051802,trial_35,nonFDS,nonFDS_random_seed_234
26051802,trial_45,nonFDS,nonFDS_random_seed_234
26051802,trial_47,nonFDS,nonFDS_random_seed_234
26051802,trial_7,nonFDS,nonFDS_random_seed_234
26051901,trial_12,nonFDS,nonFDS_random_seed_234
26051901,trial_26,nonFDS,nonFDS_random_seed_234
26051901,trial_49,nonFDS,nonFDS_random_seed_234
26051902,trial_18,nonFDS,nonFDS_random_seed_234
26051902,trial_54,nonFDS,nonFDS_random_seed_234
26052002,trial_29,nonFDS,nonFDS_random_seed_234
26052002,trial_30,nonFDS,nonFDS_random_seed_234
26052003,trial_23,nonFDS,nonFDS_random_seed_234
26052003,trial_42,nonFDS,nonFDS_random_seed_234
26052003,trial_51,nonFDS,nonFDS_random_seed_234
26052102,trial_14,nonFDS,nonFDS_random_seed_234
26052102,trial_37,nonFDS,nonFDS_random_seed_234
26052102,trial_38,nonFDS,nonFDS_random_seed_234
26052102,trial_60,nonFDS,nonFDS_random_seed_234
26052103,trial_23,nonFDS,nonFDS_random_seed_234
26052103,trial_26,nonFDS,nonFDS_random_seed_234
26052103,trial_34,nonFDS,nonFDS_random_seed_234
26052103,trial_39,nonFDS,nonFDS_random_seed_234
26052103,trial_41,nonFDS,nonFDS_random_seed_234
26052103,trial_46,nonFDS,nonFDS_random_seed_234
26052103,trial_51,nonFDS,nonFDS_random_seed_234
26052201,trial_23,nonFDS,nonFDS_random_seed_234
26052201,trial_29,nonFDS,nonFDS_random_seed_234
26052201,trial_50,nonFDS,nonFDS_random_seed_234
26052201,trial_53,nonFDS,nonFDS_random_seed_234
26052201,trial_55,nonFDS,nonFDS_random_seed_234
26052201,trial_56,nonFDS,nonFDS_random_seed_234
26052202,trial_29,nonFDS,nonFDS_random_seed_234
26052202,trial_38,nonFDS,nonFDS_random_seed_234
26052202,trial_39,nonFDS,nonFDS_random_seed_234
26052202,trial_41,nonFDS,nonFDS_random_seed_234
26052202,trial_47,nonFDS,nonFDS_random_seed_234
26052202,trial_59,nonFDS,nonFDS_random_seed_234
26052301,trial_20,nonFDS,nonFDS_random_seed_234
26052301,trial_51,nonFDS,nonFDS_random_seed_234
26052302,trial_10,nonFDS,nonFDS_random_seed_234
26052302,trial_25,nonFDS,nonFDS_random_seed_234
26052302,trial_31,nonFDS,nonFDS_random_seed_234
26052302,trial_32,nonFDS,nonFDS_random_seed_234
26052302,trial_37,nonFDS,nonFDS_random_seed_234
26052302,trial_46,nonFDS,nonFDS_random_seed_234
26052302,trial_56,nonFDS,nonFDS_random_seed_234
26052303,trial_32,nonFDS,nonFDS_random_seed_234
26052303,trial_35,nonFDS,nonFDS_random_seed_234
26052303,trial_60,nonFDS,nonFDS_random_seed_234
26052303,trial_9,nonFDS,nonFDS_random_seed_234
26060301,trial_12,nonFDS,nonFDS_random_seed_234
26060301,trial_34,nonFDS,nonFDS_random_seed_234
26060301,trial_52,nonFDS,nonFDS_random_seed_234
26060301,trial_56,nonFDS,nonFDS_random_seed_234
26060302,trial_21,nonFDS,nonFDS_random_seed_234
26060302,trial_54,nonFDS,nonFDS_random_seed_234
26060302,trial_59,nonFDS,nonFDS_random_seed_234
26060402,trial_27,nonFDS,nonFDS_random_seed_234
26060402,trial_51,nonFDS,nonFDS_random_seed_234
26060402,trial_9,nonFDS,nonFDS_random_seed_234
26060403,trial_46,nonFDS,nonFDS_random_seed_234
26060404,trial_42,nonFDS,nonFDS_random_seed_234
26060405,trial_31,nonFDS,nonFDS_random_seed_234
26060501,trial_28,nonFDS,nonFDS_random_seed_234
26060501,trial_9,nonFDS,nonFDS_random_seed_234
26060502,trial_29,nonFDS,nonFDS_random_seed_234
26060502,trial_34,nonFDS,nonFDS_random_seed_234
26060502,trial_53,nonFDS,nonFDS_random_seed_234
26060503,trial_32,nonFDS,nonFDS_random_seed_234
26060601,trial_1,nonFDS,nonFDS_random_seed_234
26060601,trial_22,nonFDS,nonFDS_random_seed_234
26060601,trial_29,nonFDS,nonFDS_random_seed_234
26060601,trial_31,nonFDS,nonFDS_random_seed_234
26060601,trial_37,nonFDS,nonFDS_random_seed_234
26060601,trial_41,nonFDS,nonFDS_random_seed_234
26060601,trial_54,nonFDS,nonFDS_random_seed_234
26060601,trial_60,nonFDS,nonFDS_random_seed_234
26060602,trial_40,nonFDS,nonFDS_random_seed_234
26060602,trial_7,nonFDS,nonFDS_random_seed_234
26060603,trial_21,nonFDS,nonFDS_random_seed_234
26060603,trial_23,nonFDS,nonFDS_random_seed_234
26060603,trial_39,nonFDS,nonFDS_random_seed_234
26060603,trial_42,nonFDS,nonFDS_random_seed_234
26060603,trial_49,nonFDS,nonFDS_random_seed_234
26060603,trial_6,nonFDS,nonFDS_random_seed_234
26060801,trial_17,nonFDS,nonFDS_random_seed_234
26060801,trial_36,nonFDS,nonFDS_random_seed_234
26060801,trial_37,nonFDS,nonFDS_random_seed_234
26060801,trial_54,nonFDS,nonFDS_random_seed_234
26060802,trial_21,nonFDS,nonFDS_random_seed_234
26060802,trial_29,nonFDS,nonFDS_random_seed_234
26060802,trial_33,nonFDS,nonFDS_random_seed_234
26060802,trial_35,nonFDS,nonFDS_random_seed_234
26060802,trial_40,nonFDS,nonFDS_random_seed_234
26060901,trial_13,nonFDS,nonFDS_random_seed_234
26060901,trial_36,nonFDS,nonFDS_random_seed_234
26060901,trial_42,nonFDS,nonFDS_random_seed_234
26060901,trial_53,nonFDS,nonFDS_random_seed_234
26060901,trial_55,nonFDS,nonFDS_random_seed_234
26060902,trial_33,nonFDS,nonFDS_random_seed_234
26060902,trial_34,nonFDS,nonFDS_random_seed_234
26060902,trial_36,nonFDS,nonFDS_random_seed_234
26060902,trial_42,nonFDS,nonFDS_random_seed_234
26060902,trial_56,nonFDS,nonFDS_random_seed_234
26060903,trial_19,nonFDS,nonFDS_random_seed_234
26060904,trial_17,nonFDS,nonFDS_random_seed_234
26060904,trial_18,nonFDS,nonFDS_random_seed_234
26060904,trial_20,nonFDS,nonFDS_random_seed_234
26060904,trial_22,nonFDS,nonFDS_random_seed_234
26060904,trial_37,nonFDS,nonFDS_random_seed_234
26060904,trial_45,nonFDS,nonFDS_random_seed_234
26060904,trial_52,nonFDS,nonFDS_random_seed_234
26060904,trial_53,nonFDS,nonFDS_random_seed_234
26060904,trial_60,nonFDS,nonFDS_random_seed_234
26061001,trial_5,nonFDS,nonFDS_random_seed_234
26061001,trial_6,nonFDS,nonFDS_random_seed_234
26061101,trial_19,nonFDS,nonFDS_random_seed_234
26061102,trial_30,nonFDS,nonFDS_random_seed_234
26061102,trial_41,nonFDS,nonFDS_random_seed_234
26061102,trial_48,nonFDS,nonFDS_random_seed_234
26061102,trial_55,nonFDS,nonFDS_random_seed_234
26061102,trial_56,nonFDS,nonFDS_random_seed_234
26061102,trial_57,nonFDS,nonFDS_random_seed_234
26061102,trial_8,nonFDS,nonFDS_random_seed_234
26061103,trial_3,nonFDS,nonFDS_random_seed_234
26061103,trial_52,nonFDS,nonFDS_random_seed_234
26061103,trial_54,nonFDS,nonFDS_random_seed_234
26061103,trial_55,nonFDS,nonFDS_random_seed_234
26061202,trial_33,nonFDS,nonFDS_random_seed_234
26061202,trial_36,nonFDS,nonFDS_random_seed_234
26061202,trial_37,nonFDS,nonFDS_random_seed_234
26061202,trial_54,nonFDS,nonFDS_random_seed_234
26061402,trial_27,nonFDS,nonFDS_random_seed_234
26061402,trial_42,nonFDS,nonFDS_random_seed_234
26061501,trial_23,nonFDS,nonFDS_random_seed_234
26061501,trial_25,nonFDS,nonFDS_random_seed_234
26061501,trial_28,nonFDS,nonFDS_random_seed_234
26061501,trial_31,nonFDS,nonFDS_random_seed_234
26061501,trial_32,nonFDS,nonFDS_random_seed_234
26061501,trial_41,nonFDS,nonFDS_random_seed_234
26061501,trial_42,nonFDS,nonFDS_random_seed_234
26061501,trial_43,nonFDS,nonFDS_random_seed_234
26061501,trial_46,nonFDS,nonFDS_random_seed_234
26061501,trial_57,nonFDS,nonFDS_random_seed_234
26061502,trial_30,nonFDS,nonFDS_random_seed_234
26061502,trial_40,nonFDS,nonFDS_random_seed_234
26061502,trial_45,nonFDS,nonFDS_random_seed_234
26061502,trial_46,nonFDS,nonFDS_random_seed_234
26061502,trial_47,nonFDS,nonFDS_random_seed_234
26061502,trial_50,nonFDS,nonFDS_random_seed_234
26061502,trial_51,nonFDS,nonFDS_random_seed_234
26061502,trial_52,nonFDS,nonFDS_random_seed_234
26061502,trial_55,nonFDS,nonFDS_random_seed_234
26061503,trial_13,nonFDS,nonFDS_random_seed_234
26061503,trial_18,nonFDS,nonFDS_random_seed_234
26061503,trial_19,nonFDS,nonFDS_random_seed_234
26061503,trial_27,nonFDS,nonFDS_random_seed_234
26061503,trial_33,nonFDS,nonFDS_random_seed_234
26062201,trial_34,nonFDS,nonFDS_random_seed_234
26062201,trial_59,nonFDS,nonFDS_random_seed_234
26062201,trial_9,nonFDS,nonFDS_random_seed_234
26062202,trial_51,nonFDS,nonFDS_random_seed_234
26062301,trial_14,nonFDS,nonFDS_random_seed_234
26062301,trial_19,nonFDS,nonFDS_random_seed_234
26062301,trial_32,nonFDS,nonFDS_random_seed_234
26062301,trial_45,nonFDS,nonFDS_random_seed_234
26062301,trial_50,nonFDS,nonFDS_random_seed_234
26062301,trial_51,nonFDS,nonFDS_random_seed_234
26062301,trial_52,nonFDS,nonFDS_random_seed_234
26062302,trial_34,nonFDS,nonFDS_random_seed_234
26062501,trial_54,nonFDS,nonFDS_random_seed_234
26062503,trial_14,nonFDS,nonFDS_random_seed_234
26062503,trial_19,nonFDS,nonFDS_random_seed_234
26062504,trial_26,nonFDS,nonFDS_random_seed_234
26062504,trial_37,nonFDS,nonFDS_random_seed_234
26062504,trial_43,nonFDS,nonFDS_random_seed_234
26062504,trial_44,nonFDS,nonFDS_random_seed_234
26062504,trial_47,nonFDS,nonFDS_random_seed_234
26062504,trial_6,nonFDS,nonFDS_random_seed_234
26062701,trial_32,nonFDS,nonFDS_random_seed_234
26070101,trial_1,nonFDS,nonFDS_random_seed_234
26070101,trial_27,nonFDS,nonFDS_random_seed_234
26070601,trial_24,nonFDS,nonFDS_random_seed_234
