subject_id,pattern_label,mean_correct_confirmation_bits,mean_correct_exclusion_bits,balanced_correct_evidence_bits
26050701,4-0,0.053620589904866914,0.20152028227338267,0.1275704360891248
26050701,1-1-1-1,0.05117169465573848,0.02769134105950642,0.03943151785762245
26050701,2-1-1,0.005086150573692467,0.06303786567443985,0.03406200812406616
26050701,2-2,0.27133516206234237,0.08101847380425967,0.17617681793330103
26050702,1-1-1-1,0.016972107188400712,0.02382278489790493,0.02039744604315282
26050702,4-0,0.11428357216351262,0.05914929662030007,0.08671643439190635
26050702,2-1-1,0.10086028370910506,0.025929394150139784,0.06339483892962242
26050702,3-1,0.05316106669372594,0.06836167520997945,0.06076137095185269
26050702,2-2,0.03930309795317057,0.0,0.019651548976585286
26050801,1-1-1-1,0.2387124895421821,0.12523584050976952,0.1819741650259758
26050801,4-0,1.7313468627019618e-08,0.0,8.656734313509809e-09
26050801,2-1-1,0.09368517390600892,0.042796589145379274,0.0682408815256941
26050801,3-1,0.024146789711416327,0.00290188086238916,0.013524335286902743
26050801,2-2,0.08418026861302123,0.2762958795716833,0.18023807409235226
26050901,1-1-1-1,0.03532931711677547,0.061682564666038824,0.04850594089140715
26050901,4-0,0.28407132802055796,0.09245830714407803,0.188264817582318
26050901,2-2,0.059791191958701466,0.14105401138758253,0.100422601673142
26050901,2-1-1,0.10788399393572358,0.07406407845251237,0.09097403619411798
26050901,3-1,0.23085626002861773,0.13526563658573393,0.18306094830717584
26050902,4-0,0.11814085026262906,0.06306737463204745,0.09060411244733826
26050902,1-1-1-1,0.020354903322071745,0.022903044117982177,0.02162897372002696
26050902,3-1,0.0668192262117734,0.062389872995000394,0.0646045496033869
26050902,2-1-1,0.07405142510209108,0.023538010165803737,0.04879471763394741
26050902,2-2,0.05131039257759207,0.03174912285433577,0.04152975771596392
26050903,1-1-1-1,0.01408913766861578,0.02121727016305904,0.01765320391583741
26050903,4-0,0.1910547000369166,0.06601032438180339,0.12853251220936
26050903,2-1-1,0.00838704286152875,0.017899591385421767,0.01314331712347526
26050903,3-1,0.0715545156622633,0.0018056360686602398,0.03668007586546177
26050903,2-2,0.029776861001477924,0.02117342936887742,0.02547514518517767
26051101,1-1-1-1,0.043507937603829615,0.032375689497135964,0.03794181355048279
26051101,3-1,0.2664385568522031,0.1296239590377396,0.19803125794497134
26051101,2-1-1,0.05959773574568201,0.03967372144418367,0.04963572859493284
26051101,4-0,0.3247002126257218,0.11917348165879073,0.22193684714225625
26051101,2-2,0.004514776193797033,0.0,0.0022573880968985165
26051102,1-1-1-1,0.019093186960693044,0.029844141288530152,0.0244686641246116
26051102,4-0,0.15577740172996735,0.0784108674515688,0.11709413459076808
26051102,2-1-1,0.03944603748311292,0.04009486208828448,0.0397704497856987
26051102,3-1,0.31067075007938144,0.015382361221015455,0.16302655565019844
26051102,2-2,0.053162673596477604,0.030068638884970324,0.04161565624072396
26051103,4-0,0.06480114469065697,0.0294173124869073,0.04710922858878214
26051103,1-1-1-1,0.017992803541909252,0.017311476195332652,0.01765213986862095
26051103,2-1-1,0.06096594290886066,0.04684934402811641,0.05390764346848854
26051103,3-1,0.05842375201990369,0.014160576555347325,0.03629216428762551
26051103,2-2,0.09935116425935671,0.061598427488576316,0.08047479587396651
26051104,1-1-1-1,0.035054816889943476,0.018885856198202475,0.026970336544072975
26051104,4-0,0.09498071130106267,0.10474982324498003,0.09986526727302135
26051104,2-1-1,0.02970265490908445,0.016781950854613332,0.023242302881848892
26051104,2-2,1.5548500027269143e-09,0.00026287167249963164,0.00013143661367481717
26051104,3-1,0.053220461680936054,8.703819561645376e-05,0.026653749938276253
26051105,2-1-1,0.0,0.0,0.0
26051105,2-2,0.14334407545439082,0.0,0.07167203772719541
26051105,1-1-1-1,0.04461146281790128,0.04776017748519592,0.046185820151548596
26051201,4-0,0.14544155853191681,0.08292199800590702,0.11418177826891192
26051201,1-1-1-1,0.025671748754048332,0.020102012981768173,0.02288688086790825
26051201,2-2,0.0007850815722492593,0.000397734122840025,0.0005914078475446422
26051201,2-1-1,0.00030045455084853483,0.02868136722571837,0.014490910888283453
26051201,3-1,0.2006461884010743,0.0,0.10032309420053714
26051202,2-2,0.09179440767501251,0.11001058815993711,0.10090249791747481
26051202,1-1-1-1,0.056130085072729465,0.049732717869938776,0.05293140147133412
26051202,2-1-1,0.1614110609743034,0.15271708416919932,0.15706407257175137
26051202,3-1,0.05476767231496032,0.18937077239585356,0.12206922235540694
26051203,1-1-1-1,0.019788898186792837,0.017444119989043137,0.01861650908791799
26051203,4-0,0.09980518364318944,0.09585311585498398,0.09782914974908671
26051203,2-1-1,0.020302747473275543,0.008137640739834147,0.014220194106554845
26051203,3-1,6.2181965083345e-07,0.0276407699449603,0.013820695882305566
26051203,2-2,0.17827868547205383,0.022262452907266396,0.10027056918966011
26051204,4-0,0.0,0.14040736121226094,0.07020368060613047
26051204,1-1-1-1,0.04740103132440187,0.006687147618345694,0.02704408947137378
26051204,2-1-1,0.09464542244676181,0.08653276347246083,0.09058909295961132
26051204,2-2,0.478504758635684,0.14857790899913784,0.3135413338174109
26051301,1-1-1-1,0.04959508381114805,0.026932499457793517,0.03826379163447079
26051301,4-0,0.11168165026066648,0.14813217430569636,0.1299069122831814
26051301,2-2,0.07732731330322294,0.06722659943321223,0.07227695636821758
26051301,2-1-1,0.028603738865998075,0.038237184813754266,0.03342046183987617
26051302,2-2,0.02779602270220606,0.03485197184713159,0.03132399727466882
26051302,2-1-1,0.0069925803238309716,0.019474410020202747,0.013233495172016859
26051302,4-0,0.36297968687197396,0.047493987917928956,0.20523683739495147
26051302,1-1-1-1,0.018082892858471398,0.0237918551115164,0.0209373739849939
26051302,3-1,0.13308964214840982,3.8478598103028276e-06,0.06654674500411006
26051303,1-1-1-1,0.026049560830807277,0.020301907902153287,0.02317573436648028
26051303,4-0,0.18253491824119736,0.08895877711544953,0.13574684767832346
26051303,3-1,0.1125037710358307,0.010921261491629515,0.06171251626373011
26051303,2-1-1,0.017374501147047968,0.01914890029109359,0.01826170071907078
26051303,2-2,0.0034324902286995045,0.006610513359800699,0.005021501794250102
26051304,1-1-1-1,0.0399093868033265,0.02436923200003863,0.03213930940168257
26051304,4-0,0.13588239817833322,0.11736909518009897,0.1266257466792161
26051304,2-1-1,0.2260180904048227,0.0,0.11300904520241135
26051304,2-2,0.34443822922821715,0.4308855784926645,0.38766190386044086
26051402,2-1-1,0.03260788920093728,0.022372977633094,0.02749043341701564
26051402,1-1-1-1,0.009270520626438385,0.0318072116987305,0.020538866162584442
26051402,3-1,0.04124950666618694,0.032381205088198015,0.03681535587719248
26051402,2-2,0.15153909191005355,0.027429558927767585,0.08948432541891056
26051402,4-0,0.11728093426284979,0.02472006973871211,0.07100050200078095
26051403,2-2,0.010364702700128733,0.12387750018855201,0.06712110144434037
26051403,2-1-1,0.07598692557975747,0.04596467280983551,0.060975799194796496
26051403,1-1-1-1,0.08152146611458505,0.028225522735417154,0.0548734944250011
26051403,4-0,0.09962452781601767,0.0,0.04981226390800884
26051403,3-1,7.574939836343729e-05,0.03912759315747927,0.019601671277921354
26051404,1-1-1-1,0.023041624160386093,0.025265947599398424,0.02415378587989226
26051404,4-0,0.15389645820531128,0.1081779387324458,0.13103719846887854
26051404,2-2,0.05119029336550923,0.012928893712121086,0.032059593538815156
26051404,2-1-1,0.020769559987475424,0.010198553760505262,0.015484056873990343
26051404,3-1,0.001301753722999527,1.7699607209177932e-05,0.0006597266651043524
26051501,1-1-1-1,0.08640912376960844,0.11813238042342221,0.10227075209651532
26051501,4-0,0.0885535737445916,0.0004062634700492143,0.0444799186073204
26051501,2-1-1,0.08480272270173092,0.1251103143511475,0.10495651852643921
26051501,3-1,0.22984448716785388,0.0,0.11492224358392694
26051501,2-2,0.7434668328275252,0.009962922363850468,0.37671487759568784
26051502,4-0,0.017275462793292937,0.0,0.008637731396646468
26051502,1-1-1-1,0.04798741739746482,0.020817053144621716,0.03440223527104327
26051502,2-2,0.715609385943784,0.2194917361878993,0.46755056106584164
26051502,2-1-1,0.030329873255248732,0.035770036393190846,0.03304995482421979
26051503,4-0,0.136209732415275,0.09856730886560203,0.11738852064043852
26051503,1-1-1-1,0.04168731702407187,0.028733247929372596,0.035210282476722234
26051503,3-1,0.407212981219334,0.0,0.203606490609667
26051503,2-1-1,5.303265248776563e-05,0.09042981363489698,0.04524142314369237
26051503,2-2,0.30543213322269597,0.11589807963988988,0.21066510643129294
26051801,1-1-1-1,0.04160460625390524,0.019430841818914833,0.030517724036410038
26051801,2-2,0.25400600393792255,0.09075380976994482,0.17237990685393367
26051801,4-0,0.08950259544980192,0.1318982307015739,0.1107004130756879
26051801,2-1-1,0.09575638097771022,0.026592455472859797,0.06117441822528501
26051802,1-1-1-1,0.019827808618314836,0.025508732901449647,0.02266827075988224
26051802,2-1-1,0.005652439767821616,0.012850877590818075,0.009251658679319846
26051802,3-1,0.03596615811837464,5.263589034634907e-09,0.01798308169098184
26051802,4-0,0.21576675409861865,0.07833999234851007,0.14705337322356435
26051802,2-2,0.0,0.0,0.0
26051901,4-0,0.0,0.19073111641249052,0.09536555820624526
26051901,1-1-1-1,0.0653673516480411,0.011611298055788389,0.038489324851914745
26051901,3-1,0.17329318042893097,0.1405510907602815,0.15692213559460622
26051901,2-1-1,0.22199797268584973,0.12520428307530487,0.1736011278805773
26051901,2-2,0.1318011606040963,0.15274163632649837,0.14227139846529735
26051902,2-1-1,0.04335295577644328,0.02789375734005505,0.035623356558249164
26051902,3-1,0.00049099966931785,0.0,0.000245499834658925
26051902,1-1-1-1,0.025812171759963278,0.015994004829674117,0.020903088294818697
26051902,4-0,0.0990586280025071,0.07504390950392384,0.08705126875321548
26051902,2-2,0.19245840801845188,0.01749298999932488,0.10497569900888838
26052001,4-0,0.1161076719041795,0.07705128250320774,0.09657947720369361
26052001,1-1-1-1,0.041973050437714064,0.02017709250920587,0.03107507147345997
26052001,2-1-1,0.03805852514281256,0.034268838075184105,0.036163681608998334
26052001,3-1,0.048252168000332836,0.0,0.024126084000166418
26052001,2-2,0.05267662731820425,0.045819962705936926,0.04924829501207059
26052002,4-0,0.14084350830611442,0.09450313179443873,0.11767332005027657
26052002,1-1-1-1,0.07306974738447988,0.045734475075104274,0.05940211122979208
26052002,2-2,0.09125645553387053,0.03915614202490045,0.0652062987793855
26052002,2-1-1,0.05460982252715081,0.09274218694487792,0.07367600473601436
26052002,3-1,0.08466845590613575,0.07203918220826318,0.07835381905719946
26052003,2-1-1,0.08702147024935313,0.052209769160514626,0.06961561970493388
26052003,3-1,0.050076298758203644,0.010716716946341133,0.030396507852272388
26052003,1-1-1-1,0.03369580099723305,0.022999711592033845,0.028347756294633448
26052003,4-0,0.097330018235222,0.04547441761647405,0.07140221792584803
26052003,2-2,0.0022779245525865396,0.03750437844071476,0.01989115149665065
26052102,4-0,0.09449450835276514,0.0926530922348994,0.09357380029383228
26052102,1-1-1-1,0.039399933666978505,0.0353779601404049,0.037388946903691704
26052102,2-2,0.14101228090114246,0.054528259602238734,0.09777027025169059
26052102,2-1-1,0.010315140502000941,0.1333982994396031,0.07185671997080202
26052102,3-1,0.5386470802346297,0.0,0.26932354011731485
26052103,1-1-1-1,0.02343009547625064,0.06732270660177732,0.04537640103901398
26052103,2-1-1,0.04128820050785576,0.056039940682992284,0.04866407059542402
26052103,3-1,0.2590798061845303,0.02125007176111964,0.14016493897282498
26052103,2-2,0.13432339030919002,0.029172933264668487,0.08174816178692926
26052103,4-0,0.392238370489595,0.09034622632322466,0.2412922984064098
26052201,1-1-1-1,0.05210804729964499,0.03232543698747257,0.04221674214355878
26052201,4-0,0.04870134967725544,0.03700034848992057,0.04285084908358801
26052201,2-2,0.0783475813162139,0.09939839014687227,0.08887298573154309
26052201,2-1-1,0.05195077910981424,0.06222277189762994,0.057086775503722084
26052202,1-1-1-1,0.033956298836095924,0.029911236773966173,0.03193376780503105
26052202,4-0,0.0015348269704755088,0.054109855923451945,0.027822341446963727
26052202,2-2,0.06649698483195722,0.010583551039393919,0.03854026793567557
26052202,2-1-1,0.06780791416214643,0.027471827864082168,0.0476398710131143
26052202,3-1,0.10292042693018752,0.09860781388594686,0.10076412040806719
26052301,1-1-1-1,0.021378679452643344,0.013383592433986723,0.017381135943315033
26052301,4-0,0.06130308412597727,0.06560780522891482,0.06345544467744604
26052301,3-1,0.22974844662542804,0.0,0.11487422331271402
26052301,2-1-1,0.007726206034956705,0.029910998643901947,0.018818602339429325
26052301,2-2,0.04119768370832019,1.4266625839916872e-07,0.020598913187289295
26052302,1-1-1-1,0.053415990101236696,0.04621959382714813,0.049817791964192414
26052302,4-0,5.453567838870605e-05,0.11284567514054734,0.05645010540946802
26052302,2-1-1,0.06311245647999052,0.01635113881107726,0.03973179764553389
26052302,2-2,0.227950175449633,0.06385040180016696,0.14590028862489998
26052303,4-0,0.4182483558861112,0.06533963466339096,0.2417939952747511
26052303,1-1-1-1,0.03169101958478804,0.11746998993541316,0.0745805047601006
26052303,2-1-1,0.12523086702010341,0.06403414336034426,0.09463250519022384
26052303,3-1,0.27427402770038917,0.33359492511734057,0.30393447640886484
26052303,2-2,0.05076280767155836,0.00279277287452776,0.02677779027304306
26060301,1-1-1-1,0.05487183536987496,0.01929640006650197,0.03708411771818847
26060301,4-0,0.09922560581337404,0.15687056641475797,0.128048086114066
26060301,2-1-1,0.025263349572228883,0.03112592901407002,0.02819463929314945
26060301,3-1,3.724535756976492e-09,0.0,1.862267878488246e-09
26060301,2-2,0.07289954838925418,0.058144586932094997,0.06552206766067459
26060302,4-0,0.10607784199801273,0.09555080885478949,0.10081432542640112
26060302,1-1-1-1,0.03359308230194754,0.012890216668763825,0.023241649485355682
26060302,2-1-1,0.03389368064417772,0.016956604598868358,0.02542514262152304
26060302,3-1,0.073412126155569,0.0034243249812806,0.0384182255684248
26060302,2-2,0.0,0.0011226634911199519,0.0005613317455599759
26060401,4-0,0.05622954580305916,0.11175807290106765,0.08399380935206341
26060401,1-1-1-1,0.04342809528844034,0.015524070690971222,0.029476082989705783
26060401,2-1-1,0.10382211961449123,0.0383012963971769,0.07106170800583406
26060401,2-2,0.2857161348951925,0.04503331821687655,0.16537472655603452
26060402,2-1-1,0.03664094823196938,0.015116200809659665,0.025878574520814525
26060402,1-1-1-1,0.025180331035429764,0.023770817046983552,0.024475574041206656
26060402,3-1,0.0002908324706477839,0.07159293017294252,0.035941881321795155
26060402,4-0,0.1114075577156045,0.06334993831488278,0.08737874801524365
26060402,2-2,0.11691899498618027,0.12087529093677132,0.1188971429614758
26060403,1-1-1-1,0.04453831289755452,0.013322617933639291,0.028930465415596907
26060403,2-1-1,0.007211183204056,0.03914805264107054,0.02317961792256327
26060403,4-0,0.008937757561200408,0.1145355155497499,0.061736636555475156
26060403,2-2,0.31293697773991574,0.0802205070420929,0.1965787423910043
26060404,4-0,0.10403967570800071,0.08177183330505046,0.09290575450652558
26060404,1-1-1-1,0.025695568660537276,0.015657283326600133,0.020676425993568705
26060404,3-1,0.06378406459449827,0.0218615650506247,0.042822814822561485
26060404,2-1-1,0.04454854234066259,0.010781900616089338,0.027665221478375964
26060405,1-1-1-1,0.02599141600808604,0.024685435410433554,0.025338425709259794
26060405,4-0,0.08816766172563387,0.07327215006373443,0.08071990589468414
26060405,2-1-1,0.002464144812361569,0.03612463205116319,0.01929438843176238
26060405,3-1,0.0089574066458124,0.018276159656622434,0.013616783151217417
26060405,2-2,0.06759776782631668,0.0206593068662832,0.04412853734629994
26060501,3-1,0.11998396846538233,0.021670836589104566,0.07082740252724344
26060501,2-1-1,0.2691112749080029,0.15074977832680297,0.20993052661740294
26060501,1-1-1-1,0.06015167143090886,0.0320911544212843,0.04612141292609658
26060501,2-2,0.045658505253705864,0.0,0.022829252626852932
26060502,1-1-1-1,0.008900841275877364,0.37229935983374635,0.19060010055481186
26060502,3-1,0.19196584885634535,0.030086926161807526,0.11102638750907644
26060502,2-1-1,0.07794966416340526,0.05662419717141665,0.06728693066741095
26060502,2-2,0.11827102614103174,0.1217901198321861,0.12003057298660892
26060503,4-0,0.030707208568223066,0.14419047156438952,0.0874488400663063
26060503,1-1-1-1,0.04403526290268205,0.011220987682495224,0.027628125292588637
26060503,2-1-1,0.0,0.028455471951463227,0.014227735975731614
26060503,2-2,0.06285268597623526,0.0403378899501489,0.051595287963192085
26060601,2-1-1,0.07749510304018292,0.029204964333070963,0.05335003368662694
26060601,1-1-1-1,0.03637384962714503,0.07503182690373762,0.055702838265441326
26060601,3-1,0.07427981688209705,0.00151481598017093,0.03789731643113399
26060601,4-0,0.21732087609571474,0.15084263990931068,0.1840817580025127
26060601,2-2,0.14892372892268252,0.0379145509151166,0.09341913991889955
26060602,1-1-1-1,0.054620187206553684,0.029734918799384988,0.04217755300296934
26060602,3-1,0.31679196742174043,0.039256069094148166,0.17802401825794428
26060602,2-1-1,0.039083266706881975,0.04146834932769296,0.040275808017287466
26060602,4-0,0.09719387059752026,0.13044337818882837,0.1138186243931743
26060602,2-2,0.08810336599893402,0.08613403141550637,0.0871186987072202
26060603,1-1-1-1,0.01863388604878777,0.038277883621811365,0.028455884835299566
26060603,2-1-1,0.024717215485574776,0.040631056800649504,0.03267413614311214
26060603,3-1,0.05968122267473331,0.020685993759735236,0.040183608217234275
26060603,2-2,0.15625408048420217,0.021930964247643913,0.08909252236592304
26060603,4-0,0.2795753736357258,0.07824597056858053,0.17891067210215317
26060801,4-0,0.006897587930844675,0.20792933595954896,0.10741346194519681
26060801,1-1-1-1,0.05422918308662986,0.010134574413357475,0.03218187874999367
26060801,2-2,0.0766325676523177,0.04707154293017995,0.06185205529124882
26060801,2-1-1,0.05076666395022403,0.05120646746995528,0.05098656571008965
26060801,3-1,0.04282794072041195,0.07280311297964945,0.0578155268500307
26060802,4-0,0.19343039096080442,0.20740812239611067,0.20041925667845756
26060802,1-1-1-1,0.05009082481084433,0.03457178411316361,0.04233130446200397
26060802,2-2,0.1738741436720309,0.06343441524142558,0.11865427945672824
26060802,2-1-1,0.017064574028764802,0.016109115338071484,0.016586844683418145
26060802,3-1,5.4610767908810616e-05,0.0,2.7305383954405308e-05
26060901,2-1-1,0.037378531754119884,0.03863256607495935,0.03800554891453962
26060901,2-2,0.11862544178104587,0.04102756386819511,0.07982650282462049
26060901,1-1-1-1,0.03920997370078361,0.015425402942708144,0.027317688321745876
26060901,3-1,0.0,0.06503519441819385,0.03251759720909692
26060901,4-0,0.089547838015933,0.11662601538155819,0.10308692669874558
26060902,2-1-1,0.1075792887824033,0.07795267132079209,0.0927659800515977
26060902,2-2,0.07868890691930837,0.11895701056336085,0.09882295874133461
26060902,4-0,1.5433084288334646e-05,0.0,7.716542144167323e-06
26060902,1-1-1-1,0.11137926224172573,0.0994183909483952,0.10539882659506047
26060902,3-1,0.027251831915218284,0.3779385052699396,0.20259516859257895
26060903,4-0,0.14300230486293392,0.09952744592089714,0.12126487539191552
26060903,1-1-1-1,0.025616585440674834,0.022093055070952775,0.023854820255813806
26060903,2-1-1,0.054839404332071205,0.02060293645370433,0.03772117039288777
26060903,2-2,0.1003863536305004,0.06129787112416263,0.08084211237733152
26060903,3-1,0.03382836381628933,0.007324409193483193,0.02057638650488626
26060904,2-1-1,0.05823594155972886,0.049207936103594585,0.05372193883166172
26060904,2-2,0.0056371485485522685,0.09958832894620638,0.052612738747379324
26060904,1-1-1-1,0.045706723040832654,0.019532748477042006,0.03261973575893733
26060904,4-0,1.8481329079962975e-09,0.13388377226349155,0.06694188705581222
26060904,3-1,0.073343798533044,0.03104195868767245,0.05219287861035823
26061001,1-1-1-1,0.0,0.05728329131167746,0.02864164565583873
26061001,2-2,0.08066645470766838,0.028605966359827817,0.0546362105337481
26061001,3-1,0.29324554250066814,0.022482953826766218,0.1578642481637172
26061001,2-1-1,0.045031574008884065,0.06250620828568963,0.05376889114728685
26061101,4-0,0.30447547315892687,0.10370895913246139,0.20409221614569412
26061101,1-1-1-1,0.029516700686125365,0.05950150469136894,0.04450910268874715
26061101,2-1-1,0.16155055264001683,0.025295361750034925,0.09342295719502589
26061101,2-2,0.15183142828279136,0.0476208244159804,0.09972612634938588
26061102,2-1-1,0.1199571541315163,0.19369867817359085,0.15682791615255356
26061102,1-1-1-1,0.11778383597476612,0.4147234615187776,0.2662536487467719
26061102,3-1,0.10064172192077447,0.11143708758827273,0.1060394047545236
26061102,4-0,2.8713111510562155,6.7406939740594e-06,1.4356589458750948
26061102,2-2,0.4624002084192188,8.554958110827802e-07,0.23120053195751494
26061103,1-1-1-1,0.061382023934433455,0.017327829364220514,0.039354926649326986
26061103,3-1,0.03457543889368083,0.0,0.017287719446840415
26061103,2-1-1,0.0843911721949487,0.0529373545746238,0.06866426338478625
26061103,4-0,0.05293795962176158,0.2423082648164093,0.14762311221908545
26061103,2-2,0.1415446431759039,0.16753136944952257,0.15453800631271325
26061201,1-1-1-1,0.029912938055775603,0.021956341788520777,0.02593463992214819
26061201,4-0,0.16413130495185577,0.09021327142087678,0.12717228818636628
26061201,2-1-1,0.007663318353026359,0.012518611127853994,0.010090964740440175
26061201,3-1,0.0577278432689182,0.00018845628980984164,0.02895814977936402
26061201,2-2,0.035969653122824144,0.0,0.017984826561412072
26061202,2-2,0.0370452310465471,0.018318866940932814,0.027682048993739956
26061202,1-1-1-1,0.0006301147280652229,0.046131573348462816,0.02338084403826402
26061202,4-0,0.21595058571946443,0.004280048671403086,0.11011531719543376
26061202,3-1,0.24834492499313424,0.0359736704861331,0.14215929773963368
26061202,2-1-1,0.06575032659451344,0.04841571150168428,0.05708301904809886
26061401,1-1-1-1,0.017873689730462917,0.016888824339550742,0.017381257035006828
26061401,2-1-1,0.0169009044351698,0.0180105865517178,0.0174557454934438
26061401,4-0,0.11096624730874255,0.04570062851664894,0.07833343791269574
26061401,2-2,0.9164751692292514,0.1505056426281471,0.5334904059286992
26061402,1-1-1-1,0.024856240144606894,0.015269329853238409,0.020062784998922653
26061402,4-0,0.04164382457226251,0.07966098537774088,0.0606524049750017
26061402,2-2,0.13756125435058753,0.05628119484740971,0.09692122459899861
26061402,2-1-1,0.045028183388105734,0.03357572041483253,0.03930195190146914
26061402,3-1,0.09024041329126747,0.0015774833475974,0.04590894831943244
26061501,1-1-1-1,0.10920189770815153,0.13354088964696367,0.1213713936775576
26061501,2-1-1,0.09028106974201165,0.0804540685722391,0.08536756915712537
26061501,3-1,0.01882898059737185,0.42182067772359677,0.22032482916048432
26061501,4-0,0.4201082815532062,0.01500500547924382,0.217556643516225
26061501,2-2,0.015352176047640338,0.09440755991427811,0.05487986798095923
26061502,4-0,0.16213732751295318,0.03859967616666098,0.10036850183980708
26061502,1-1-1-1,0.00955441894790741,0.0156956929627124,0.012625055955309905
26061502,2-1-1,0.040890019096294514,0.025524907731598802,0.03320746341394666
26061502,2-2,0.010041712996174785,0.006929863929681008,0.008485788462927897
26061503,1-1-1-1,0.013538771296119023,0.10653293873373591,0.06003585501492747
26061503,4-0,0.7715789720629614,0.0,0.3857894860314807
26061503,2-1-1,0.04106090324793407,0.07303463688795844,0.05704777006794626
26061503,3-1,0.0266041978552872,0.0,0.0133020989276436
26061503,2-2,0.0046179572059823785,0.007859102621829143,0.0062385299139057614
26062201,1-1-1-1,0.018786502417358325,0.021962523097451385,0.020374512757404855
26062201,4-0,0.04474602583116913,0.048479477031473935,0.04661275143132153
26062201,2-1-1,0.08115541452682876,0.04471354946082313,0.06293448199382594
26062201,3-1,0.026482689588152256,0.0011584139791377666,0.013820551783645012
26062201,2-2,1.4816756409154191e-05,0.0917483070675086,0.04588156191195888
26062202,4-0,0.1360424614334282,0.045122086827239824,0.09058227413033401
26062202,1-1-1-1,0.015437069119621108,0.013088925701233985,0.014262997410427546
26062202,2-1-1,0.04258664719406089,0.020136605718898186,0.03136162645647954
26062202,3-1,0.0290581351944793,0.0,0.01452906759723965
26062301,2-1-1,0.1390547567152174,0.09369030169910138,0.11637252920715938
26062301,3-1,0.022772836074394873,0.02728887897582901,0.025030857525111944
26062301,1-1-1-1,0.05981544164666702,0.03495858560293457,0.0473870136248008
26062301,4-0,0.07693813816876012,0.13090312263660858,0.10392063040268434
26062301,2-2,0.11045915012480212,0.04676287439327024,0.07861101225903618
26062302,1-1-1-1,0.007105963255001352,0.002787363166930313,0.004946663210965833
26062302,3-1,0.021265039395312765,0.0031408503638914,0.012202944879602082
26062302,2-1-1,0.07530890237913261,0.048570519124536915,0.06193971075183476
26062302,2-2,0.09318138296100582,0.09650038440028226,0.09484088368064404
26062501,3-1,0.006465477858906516,0.00163771999669933,0.004051598927802923
26062501,2-1-1,0.04209745279517764,0.014757940564695619,0.02842769667993663
26062501,1-1-1-1,0.02003585536993755,0.01889963299972304,0.019467744184830296
26062501,4-0,0.20658476584664578,0.04263751625416453,0.12461114105040516
26062501,2-2,0.13989663344531794,0.075559828321744,0.10772823088353098
26062503,1-1-1-1,0.013821552474983201,0.020191191737384432,0.017006372106183817
26062503,3-1,0.060700222954432025,0.02665791748382035,0.04367907021912619
26062503,2-1-1,0.09237719631431997,0.039398935952083936,0.06588806613320194
26062503,2-2,0.016440784560726417,0.017815583401896398,0.017128183981311405
26062504,4-0,0.17788673966586036,0.0,0.08894336983293018
26062504,1-1-1-1,0.011608799014462271,0.025504541531562747,0.01855667027301251
26062504,2-1-1,0.04047308161339143,0.02797194580601604,0.034222513709703736
26062504,2-2,0.05620748294861233,0.025210588080217387,0.04070903551441486
26062504,3-1,0.0236369746932992,0.006848408739149699,0.01524269171622445
26062701,2-1-1,0.06512248865493626,0.038962366471264887,0.052042427563100575
26062701,2-2,0.07324671429618305,0.03514801426700581,0.05419736428159443
26062701,1-1-1-1,0.02320732738925272,0.0118783390077934,0.01754283319852306
26062701,3-1,0.06908663550288642,0.019802423248648775,0.044444529375767594
26062701,4-0,0.0639969618354601,0.05220996597642182,0.058103463905940955
26070101,2-2,0.003629291304925387,0.013414093656397516,0.008521692480661452
26070101,1-1-1-1,0.020515687313148408,0.031073718200242982,0.025794702756695695
26070101,2-1-1,0.04314814449886927,0.025689267029260297,0.034418705764064784
26070101,4-0,0.21163028959407387,0.07790338784358074,0.1447668387188273
26070601,1-1-1-1,0.0614756288231493,0.016779608730328764,0.03912761877673904
26070601,2-1-1,0.12297847721147503,0.07876408610791089,0.10087128165969296
26070601,3-1,0.6125748857627707,0.0,0.3062874428813854
26070601,4-0,0.0,0.17486411607230923,0.08743205803615461
26070601,2-2,0.2993916981686132,0.210075167495169,0.2547334328318911
