fds_dimension,fixated_class,mean_value
A,carpet,0.0455444333941515
A,painting,0.12208709088681131
A,potted_plant,0.10943604170849461
A,sofa,0.26100293828524185
A,table,0.11602777074691292
B,carpet,0.08319043493652108
B,painting,0.09234921625464067
B,potted_plant,0.1412223565416221
B,sofa,0.17860306400170756
B,table,0.20245445317860142
C,carpet,0.18199964588929715
C,painting,0.08160093544649943
C,potted_plant,0.1363639375608629
C,sofa,0.12056854387636476
C,table,0.16598876737536533
D,carpet,0.03143925537683637
D,painting,0.09295901396878344
D,potted_plant,0.27783522854869325
D,sofa,0.10859140171310983
D,table,0.09526202505900744
E,carpet,0.03925993934011896
E,painting,0.2956298045809579
E,potted_plant,0.09079125283119147
E,sofa,0.14393941740566016
E,table,0.06605345747805916
