path,role,source,bytes,sha256
README.md,documentation,,2329,645a2d003b6117c26400ecaff007d207318979aeeec7cbaf15946589a5ccca98
caption.md,documentation,Data mining/vis_result/results/DGEM/fig/publication/main_figure/fig6_full_joint90/caption.md,2371,080ec3027ddf172556f11b2433d22ffdea23c862a6ef74e36ee2b4696cd61cea
code/attention_panel.py,code,,3767,6e4311578bd74f24fb4be0f58bece441ff5f1d9f86662a3f852bf557c46ae99f
code/audit_panel_alignment.py,code,,39364,43958e6b49d897f326ff64e73cbed0bf057e17c06533b5b57d3dededf8111e76
code/figure6_layout.py,code,,38390,a1f212c62e8a2c24d66b8ba5745be014d2cebe1e51c58ed374dda2fcf1cefdf1
code/publication_style.py,code,,10070,15777ef50047d3af5f5a8366741e1fd1004886ac3c5c7a54b14f3176c3ed8f0e
code/render_fig6_full_joint90.py,code,,7007,d8d29337aec9c32063a934b1b460ea5dd6598cba5e35c844d156c6bc2b5b140c
data/attention_bins.csv,data,Data mining/vis_result/results/DGEM/fig/publication/main_figure/fig6_full_joint90/csv/attention_bins.csv,1394,033ad672589d5f9168a35c9288aa84c1c2988d36e2878151e6f56c295d66250c
data/attention_dis_distribution_shape.csv,data,Data mining/vis_result/results/DGEM/fig/publication/main_figure/fig6_full_joint90/csv/attention_dis_distribution_shape.csv,43563,8fb3e67f8297f94d0570e724c90e52bbdc1ab8025c92f10da1b1b31e73d65a67
data/attention_dis_distribution_summary.csv,data,Data mining/vis_result/results/DGEM/fig/publication/main_figure/fig6_full_joint90/csv/attention_dis_distribution_summary.csv,192,96a12dddfe12d264185e0db81985113bb6b03d8fd0ca5aa9e6d836318eeb1f88
data/attention_dis_logit_curve.csv,data,Data mining/vis_result/results/DGEM/fig/publication/main_figure/fig6_full_joint90/csv/attention_dis_logit_curve.csv,23917,edef99e4b04167dffa721fdaa29faced3fdeb1e12a38cc1c0b201bfad37b6a58
data/attention_trial_coordinates.csv,data,Data mining/vis_result/results/DGEM/fig/publication/main_figure/fig6_full_joint90/csv/attention_trial_coordinates.csv,206704,531fbce99a77ebac590464862162155c6a164ad1b0605813e19a34dced558fb1
data/dis_by_round.csv,data,Data mining/vis_result/results/DGEM/fig/publication/main_figure/fig6_full_joint90/csv/dis_by_round.csv,19264,02d7cd808ca4be7ba1527d61bb96776e918428496294438984df3ed18371429b
data/fit_task1.csv,data,Data mining/vis_result/results/DGEM/fig/publication/main_figure/fig6_full_joint90/csv/fit_task1.csv,251,9bfcdacb0e9505b19bb1802f199ffe75f38cf4c7e613fad18b938a20375ef338
data/fit_task1_significance.csv,data,Data mining/vis_result/results/DGEM/fig/publication/main_figure/fig6_full_joint90/csv/fit_task1_significance.csv,85,724fb7a8325520a50b3b221075ad1904faa3a5d3310fb25778b6d6e0ad5f3597
data/fit_task2.csv,data,Data mining/vis_result/results/DGEM/fig/publication/main_figure/fig6_full_joint90/csv/fit_task2.csv,436,58c0e6d843c6de386e61dcaabafc37d15cc514a5cb7b65b59b190c149b59e824
data/panel_statistics.csv,data,Data mining/vis_result/results/DGEM/fig/publication/main_figure/fig6_full_joint90/csv/panel_statistics.csv,651,fed4b1c3a475a953928ea492cff1d076017cf839b13ca18bf183c83aa0d4e67e
data/performance_task1.csv,data,Data mining/vis_result/results/DGEM/fig/publication/main_figure/fig6_full_joint90/csv/performance_task1.csv,541,8eae7f26ba3e9d0c6e51a15c2504483181cdc102adf8bfc650052fd388e3eb8c
data/performance_task2.csv,data,Data mining/vis_result/results/DGEM/fig/publication/main_figure/fig6_full_joint90/csv/performance_task2.csv,733,25432296421e7609a6d9aa1075617bae7a5ccc0788a9df902aba6df1472c4b99
data/tdge_digitized_reference.csv,data,Data mining/vis_result/results/DGEM/fig/publication/main_figure/fig6_full_joint90/csv/tdge_digitized_reference.csv,2203,9bcdcf922a00ffb1ba572c0d3301e506cd25144ba9337f961135e43d4acb727f
data/temperature_by_round.csv,data,Data mining/vis_result/results/DGEM/fig/publication/main_figure/fig6_full_joint90/csv/temperature_by_round.csv,2139,0f1235ad5763c494d663e85d8e270583f6cedb414d6f1fd07d1fa5f095d07bc0
data/temperature_entity_means.csv,data,Data mining/vis_result/results/DGEM/fig/publication/main_figure/fig6_full_joint90/csv/temperature_entity_means.csv,9928,08f6fd001d85977d564166db0ac45b929918e5d57134650f83edfbeb97740491
methods.md,documentation,Data mining/vis_result/results/DGEM/fig/publication/main_figure/fig6_full_joint90/methods.md,6097,812af67b318f66f3a90174a45d55a3be0b0e4374152e897fb9cba3c85267d976
plot.py,code,,989,1327c57af88ec50833fbb88c5dfea0af28910c9610311cb6884f9dc4080b0ce6
provenance/original_alignment.json,documentation,,3403,84d694f63b3d056efcc0b8a5fd7d6dbfe73b35be9ce19026cd33f13bbfd67498
provenance/original_figure_manifest.json,documentation,,8499,171de6f2780de9e6152c07943f4d87b94e721eb6c12c22291a49c6e7bf0baf31
provenance/original_render_qa.json,documentation,,1095,44ec5367c10ca6c7f7a3df4750ec54a7996e922a737ffa437518153211217cd9
provenance/source_environment.json,documentation,,718,f9e5c1aa360d76184612cd362a4ca10b786a659d693da6937b535836ddd1c94e
reference/fig6_full_joint90.png,reference,Data mining/vis_result/results/DGEM/fig/publication/main_figure/fig6_full_joint90.png,1006043,64350d972636a1bf6f8aefbd65ebf8a7efff11d50cb5049676fc2e8ed8a9a782
reproduction_verified.json,documentation,,562,85fde1622aa195e3608073d1b967c2559ba25b80318cd05e19aa775cadc14166
requirements-lock.txt,documentation,,283,0a97efd22ba27145aa6911fb2f277ce7bd9a5e57579ddf80a6a5c3fea657ae2b
requirements.txt,documentation,,113,3773b1120c6720b33e9abaf138bb164d49a15ec7490875cfcd648b4a496a4686
source_provenance.json,documentation,Data mining/vis_result/results/DGEM/fig/publication/main_figure/fig6_full_joint90/source_provenance.json,5549,cd801adf86be36c4351a6d68196d82af57261f9bbb91f3528dc06cf085fb9373
verify.py,code,,2753,e8dd407e3561174f98892fc2bb28cb8ccc2d58fe5568d84b1b10a0f24ad03b2b
