dim_attention_max,observed_dis_probability,ci_lower,ci_upper
0.25000015289552863,0.11135399720571811,0.095062220780309611,0.13003664660898406
0.25229441792223534,0.11310847333992488,0.096694867732638343,0.13190139330727702
0.25458868294894199,0.1148870189166467,0.098351503609140467,0.13379007980906193
0.2568829479756487,0.11668985121026398,0.10003233865207625,0.13570293795427299
0.25917721300235541,0.11851718583586542,0.10173757985993147,0.13764019972448621
0.26147147802906212,0.12036923660821566,0.10346743077890466,0.13960209716101624
0.26376574305576883,0.12224621539752091,0.10522209129147711,0.14158886227876352
0.26606000808247549,0.12414833198201308,0.10700175740232974,0.14360072697557347
0.2683542731091822,0.1260757938973785,0.10880662102189328,0.14563792293685704
0.27064853813588891,0.12802880628306187,0.11063686974784115,0.14770068153520954
0.27294280316259556,0.13000757172548255,0.11249268664485951,0.14978923372475433
0.27523706818930227,0.13201229009820464,0.11437425002305167,0.15190380992992442
0.27753133321600898,0.13404315839910755,0.11628173321535867,0.15404463992838457
0.27982559824271569,0.13610037058461202,0.11821530435440249,0.15621195272778643
0.2821198632694224,0.13818411740101932,0.12017512614918206,0.15840597643603693
0.28441412829612905,0.14029458621303087,0.12216135566207575,0.16062693812475376
0.28670839332283576,0.14243196082951876,0.12417414408662795,0.16287506368556998
0.28900265834954247,0.14459642132662648,0.12621363652661866,0.16515057767894475
0.29129692337624913,0.14678814386828518,0.12827997177693823,0.1674537031751317
0.29359118840295584,0.14900730052423761,0.13037328210680829,0.1697846615869503
0.29588545342966255,0.15125405908566761,0.13249369304590891,0.17214367249400456
0.29817971845636926,0.15352858287854373,0.13464132317398958,0.1745309534579941
0.30047398348307597,0.15583103057478812,0.13681628391455697,0.17694671982876298
0.30276824850978262,0.15816155600139289,0.13901867933324366,0.17939118454073819
0.30506251353648933,0.16052030794761268,0.1412486059414734,0.18186455789941769
0.30735677856319604,0.16290742997036758,0.14350615250604495,0.1843670473575777
0.3096510435899027,0.1653230601980023,0.14579139986526032,0.18689885728088612
0.31194530861660941,0.16776733113255188,0.14810442075222358,0.18946018870262635
0.31423957364331612,0.17024036945067256,0.15044527962593174,0.19205123906725743
0.31653383867002283,0.17274229580340636,0.15281403251077313,0.19467220196256685
0.31882810369672954,0.17527322461495298,0.15521072684503381,0.19732326684020154
0.32112236872343619,0.17783326388063267,0.15763540133899739,0.20000461872439937
0.3234166337501429,0.1804225149642304,0.16008808584320081,0.20271643790878735
0.32571089877684961,0.18304107239491929,0.16256880122738041,0.20545889964115574
0.32800516380355627,0.18568902366397116,0.16507755927061268,0.20823217379617309
0.33029942883026298,0.18836644902146696,0.16761436256311388,0.211036424536062
0.33259369385696969,0.19107342127322827,0.1701792044201203,0.21387180995931618
0.3348879588836764,0.19381000557820155,0.17277206880822457,0.21673848173761237
0.33718222391038311,0.19657625924652902,0.17539293028448685,0.21963658474113482
0.33947648893708976,0.19937223153855146,0.17804175394858363,0.22256625665261334
0.34177075396379647,0.20219796346499419,0.18071849540819365,0.22552762757045403
0.34406501899050318,0.2050534875885926,0.18342310075775198,0.22852081960142506
0.34635928401720983,0.20793882782742332,0.18615550657063426,0.23154594644345156
0.34865354904391654,0.21085399926021112,0.18891563990475693,0.23460311295916117
0.35094781407062325,0.21379900793388781,0.19170341832150373,0.23769241474091382
0.35324207909732996,0.21677385067368743,0.1945187499178091,0.24081393766814688
0.35553634412403667,0.2197785148960642,0.19736153337115048,0.24396775745795532
0.35783060915074333,0.22281297842472772,0.20023165799711973,0.24715393920992371
0.36012487417745004,0.22587720931009314,0.20312900381916638,0.25037253694631745
0.36241913920415675,0.22897116565244768,0.20605344165002429,0.25362359314882699
0.3647134042308634,0.23209479542914099,0.20900483318426344,0.25690713829314865
0.36700766925757011,0.23524803632610783,0.21198303110133093,0.2602231903827617
0.36930193428427682,0.2384308155740357,0.21498787917838114,0.26357175448333775
0.37159619931098353,0.24164304978949205,0.2180192124121344,0.2669528222592864
0.37389046433769024,0.24488464482132796,0.2210768571489449,0.27036637151400023
0.3761847293643969,0.24815549560267539,0.22416063122221341,0.27381236573541284
0.37847899439110361,0.25145548600885692,0.22727034409623972,0.27729075364852673
0.38077325941781032,0.25478448872152554,0.23040579701557656,0.2808014687765959
0.38306752444451697,0.25814236509935318,0.2335667831589282,0.28434442901267071
0.38536178947122368,0.26152896505558443,0.23675308779662271,0.28791953620322125
0.38765605449793039,0.26494412694276764,0.23996448845068194,0.29152667574554814
0.3899503195246371,0.26838767744497849,0.24320075505652744,0.29516571620067983
0.39224458455134381,0.27185943147784136,0.24646165012537199,0.29883650892342534
0.39453884957805047,0.27535919209665416,0.24974692890637684,0.30253888771121157
0.39683311460475718,0.27888675041291527,0.25305633954769369,0.3062726684732866
0.39912737963146389,0.28244188551954547,0.25638962325555209,0.3100376489218038
0.40142164465817054,0.28602436442509255,0.25974651445061259,0.31383360828623641
0.40371590968487725,0.28963394199719839,0.26312674092086591,0.31766030705248238
0.40601017471158396,0.29327036091559833,0.26653002397042563,0.32151748672793401
0.40830443973829067,0.29693335163491819,0.26995607856364168,0.32540486963368592
0.41059870476499738,0.30062263235751929,0.27340461346403705,0.32932215872495002
0.41289296979170403,0.30433790901663632,0.27687533136765446,0.33326903744063391
0.41518723481841074,0.30807887527003752,0.28036792903048818,0.33724516958292444
0.41748149984511745,0.31184521250442737,0.28388209738975767,0.34125019922759797
0.41977576487182411,0.31563658985079801,0.28741752167887269,0.34528375066565886
0.42207002989853082,0.31945266421092239,0.29097388153602205,0.34934542837678467
0.42436429492523753,0.32329308029516668,0.29455085110640217,0.35343481703493257
0.42665855995194424,0.32715747067178702,0.29814809913818524,0.35755148154634514
0.42895282497865095,0.33104545582785594,0.30176528907240152,0.36169496712006971
0.4312470900053576,0.33495664424195204,0.30540207912698336,0.36586479937099303
0.43354135503206431,0.33889063246872447,0.3090581223752854,0.37006048445527939
0.43583562005877102,0.34284700523543032,0.31273306681945734,0.37428150923799514
0.43812988508547768,0.34682533555052131,0.3164265554590972,0.37852734149259665
0.44042415011218439,0.35082518482433983,0.32013822635566402,0.38279743013186635
0.4427184151388911,0.35484610300196195,0.3238677126931655,0.38709120546978776
0.44501268016559781,0.35888762870820928,0.32761464283567276,0.39140807951376705
0.44730694519230452,0.36294928940482624,0.33137864038223785,0.3957474462865308
0.44960121021901117,0.36703060155980244,0.33515932421980865,0.40010868217695711
0.45189547524571788,0.37113107082879715,0.33895630857474907,0.40449114631903299
0.45418974027242459,0.37525019224860051,0.34276920306357567,0.4088941809980684
0.45648400529913125,0.37938745044254657,0.34659761274352224,0.41331711208325056
0.45877827032583796,0.38354231983777037,0.35044113816353623,0.41775924948556714
0.46107253535254467,0.38771426489417726,0.35429937541629675,0.42221988764009077
0.46336680037925138,0.3919027403449753,0.35817191619182992,0.42669830601157882
0.46566106540595809,0.39610719144859452,0.36205834783327173,0.43119376962230949
0.46795533043266474,0.40032705425179826,0.36595825339530391,0.4357055296010498
0.47024959545937145,0.40456175586376819,0.36987121170576026,0.44023282375202871
0.47254386048607816,0.40881071474092268,0.37379679743086458,0.44477487714276481
0.47483812551278481,0.41307334098220844,0.37773458114453284,0.44933090270958931
0.47713239053949152,0.41734903663458317,0.38168412940212937,0.45390010187968821
0.47942665556619823,0.42163719600838384,0.38564500481903108,0.45848166520847627
0.48172092059290494,0.4259372060022602,0.38961676615431823,0.46307477303111422
0.48401518561961165,0.43024844643732757,0.39359896839986369,0.46767859612697105
0.48630945064631831,0.43457029040017575,0.39759116287505836,0.47229229639583165
0.48860371567302502,0.43890210459435625,0.40159289732737163,0.47691502754465348
0.49089798069973173,0.44324324969994228,0.40560371603889783,0.48154593578366872
0.49319224572643838,0.44759308074074955,0.40962315993901333,0.48618416053064212
0.49548651075314509,0.45195094745878173,0.41365076672322432,0.49082883512208952
0.4977807757798518,0.45631619469545137,0.41768607097824634,0.49547908753027414
0.50007504080655851,0.46068816277911406,0.42172860431333242,0.50013404108480108
0.50236930583326522,0.46506618791843513,0.42577789549781997,0.50479281519764263
0.50466357085997182,0.46944960260110014,0.42983347060484667,0.50945452609043373
0.50695783588667864,0.4738377359973675,0.43389485316114773,0.51411828752289157
0.50925210091338524,0.47822991436794327,0.43796156430281857,0.51878321152121742
0.51154636594009206,0.48262546147566771,0.44203312293691116,0.52344840910537227
0.51384063096679866,0.48702369900046549,0.44610904590868694,0.52811299101410247
0.51613489599350537,0.49142394695703795,0.45018884817435334,0.53277606842664393
0.51842916102021208,0.49582552411473674,0.45427204297906032,0.53743675368001731
0.52072342604691868,0.50022774841907969,0.45835814203994169,0.54209416098087415
0.5230176910736255,0.50462993741435136,0.46244665573394833,0.54674740711085656
0.5253119561003321,0.50903140866672913,0.46653709329021281,0.55139561212446042
0.52760622112703892,0.51343148018738527,0.47062896298667678,0.55603790003842735
0.52990048615374552,0.51782947085499687,0.47472177235068236,0.56067339951168915
0.53219475118045223,0.52222470083712047,0.47881502836324069,0.56530124451495156
0.53448901620715894,0.52661649200986471,0.48290823766666063,0.56992057498899551
0.53678328123386565,0.53100416837532216,0.48700090677522756,0.57453053749083471
0.53907754626057236,0.53538705647621043,0.49109254228860799,0.57913028582687964
0.54137181128727896,0.53976448580718406,0.49518265110765175,0.5837189816722993
0.54366607631398578,0.54413578922229144,0.49927074065226307,0.58829579517580566
0.54596034134069238,0.54850030333804523,0.50335631908100154,0.59285990554911694
0.5482546063673992,0.55285736893160697,0.50743889551208465,0.59741050164040144
0.5505488713941058,0.55720633133356989,0.51151798024544615,0.60194678249102529
0.55284313642081251,0.56154654081486399,0.51559308498552447,0.60646795787498942
0.55513740144751922,0.56587735296729591,0.51966372306443742,0.61097324882045512
0.55743166647422582,0.57019812907726775,0.52372940966521708,0.61546188811281954
0.55972593150093264,0.57450823649222538,0.52778966204477484,0.61993312077883411
0.56202019652763924,0.57880704897940172,0.53184399975626717,0.62438620455129579
0.56431446155434606,0.58309394707644568,0.53589194487054981,0.62882041031390279
0.56660872658105266,0.58736831843353055,0.53993302219639439,0.63323502252588182
0.56890299160775937,0.59162955814657214,0.54396675949916984,0.63762933962606894
0.57119725663446608,0.59587706908118521,0.5479926877176764,0.64200267441613745
0.57349152166117279,0.60011026218704577,0.55201034117884185,0.64635435442274003
0.5757857866878795,0.60432855680233188,0.55601925780999095,0.65068372223835191
0.5780800517145861,0.60853138094794434,0.56001897934840783,0.65499013584066168
0.58037431674129292,0.61271817161122766,0.56400905154792114,0.65927296889039089
0.58266858176799952,0.6168883750189279,0.56798902438224586,0.66353161100746672
0.58496284679470634,0.62104144689915886,0.57195845224483732,0.66776546802552283
0.58725711182141294,0.62517685273214874,0.57591689414500136,0.67197396222472872
0.58955137684811965,0.62929406798958598,0.57986391390004111,0.67615653254300934
0.59184564187482636,0.63339257836238283,0.5837990803232046,0.68031263476573578
0.59413990690153295,0.63747187997671206,0.58772196740722848,0.6844417416940215
0.59643417192823978,0.64153147959818924,0.59163215450327333,0.68854334329179334
0.59872843695494637,0.64557089482409047,0.59552922649505502,0.6926169468118325
0.6010227019816532,0.6495896542635291,0.59941277396799986,0.69666207690103732
0.60331696700835979,0.65358729770552104,0.60328239337324385,0.70067827568516527
0.6056112320350665,0.65756337627490669,0.60713768718632666,0.70466510283337669
0.60790549706177321,0.66151745257610062,0.61097826406042588,0.70862213560290033
0.61019976208847992,0.66544910082467834,0.61480373897400054,0.71254896886419905
0.61249402711518663,0.66935790696681641,0.61861373337271452,0.71644521510702142
0.61478829214189323,0.67324346878662966,0.6224078753055311,0.72031050442776534
0.61708255716860005,0.67710539600146624,0.62618579955487186,0.72414448449859337
0.61937682219530665,0.68094331034523758,0.62994714776074823,0.72794682051876747
0.62167108722201347,0.68475684563988692,0.63369156853879194,0.73171719514869793
0.62396535224872007,0.68854564785510408,0.63741871759210378,0.73545530842720308
0.62625961727542678,0.69230937515642899,0.64112825781687366,0.73916087767251859
0.62855388230213349,0.6960476979418837,0.64481985940171505,0.74283363736758501
0.63084814732884009,0.69976029886730406,0.64849319992068044,0.74647333903017821
0.63314241235554691,0.70344687286055074,0.65214796441993184,0.75007975106844804
0.63543667738225351,0.70710712712478785,0.65578384549804358,0.7536526586224388
0.63773094240896033,0.71074078113104755,0.65940054337993881,0.75719186339219002
0.64002520743566693,0.71434756660028853,0.66299776598445292,0.76069718345299997
0.64231947246237364,0.71792722747519266,0.66657522898554589,0.76416845305846459
0.64461373748908035,0.72147951988193459,0.67013265586717408,0.76760552243188618
0.64690800251578706,0.72500421208218346,0.67366977797186278,0.77100825754666791
0.64920226754249377,0.72850108441559869,0.67718633454300947,0.77437653989629807
0.65149653256920037,0.73196992923309157,0.68068207276097092,0.77771026625453465
0.65379079759590719,0.73541055082113527,0.68415674777298763,0.78100934842639602
0.65608506262261379,0.73882276531740687,0.68761012271700683,0.78427371299056037
0.65837932764932061,0.74220640061806242,0.69104196873948098,0.78750330103377919
0.66067359267602721,0.7455612962769339,0.69445206500721091,0.79069806787788943
0.66296785770273392,0.74888730339696663,0.69784019871332892,0.79385798280002118
0.66526212272944063,0.75218428451419117,0.70120616507750289,0.7969830287465739
0.66755638775614723,0.75545211347455243,0.70454976734046704,0.80007320204153531
0.66985065278285405,0.75869067530390655,0.70787081675297936,0.80312851208970548
0.67214491780956065,0.76189986607150018,0.71116913255931236,0.80614898107537147
0.67443918283626747,0.76507959274725534,0.71444454197539997,0.80913464365698051
0.67673344786297407,0.76822977305317108,0.71769688016174649,0.81208554665832899
0.67902771288968078,0.77135033530916897,0.72092599019123604,0.81500174875679177
0.68132197791638749,0.77444121827369017,0.72413172301195694,0.8178833201690846
0.6836162429430942,0.77750237097936914,0.72731393740518213,0.82073034233505182
0.68591050796980091,0.78053375256409385,0.73047249993863661,0.82354290759995119
0.68820477299650751,0.78353533209776394,0.73360728491518956,0.82632111889569049
0.69049903802321433,0.78650708840506134,0.73671817431711673,0.82906508942146329
0.69279330304992093,0.78944900988452993,0.73980505774606975,0.8317749423242049
0.69508756807662775,0.79236109432427704,0.74286783235890752,0.83445081037928659
0.69738183310333435,0.7952433487145838,0.74590640279952769,0.83709283567183479
0.69967609813004106,0.79809578905772705,0.74892068112685628,0.83970116927906135
0.70197036315674777,0.80091844017528957,0.75191058673914057,0.84227597095396267
0.70426462818345437,0.80371133551325147,0.75487604629469995,0.84481740881073375
0.70655889321016119,0.8064745169451325,0.75781699362928656,0.847325659012231
0.70885315823686779,0.80920803457345514,0.76073336967020744,0.84980090545979015
0.71114742326357461,0.81191194652979748,0.76362512234736457,0.85224333948570374
0.71344168829028121,0.81458631877368781,0.76649220650136296,0.85465315954863164
0.71573595331698792,0.81723122489059374,0.7693345837888409,0.85703057093221535
0.71803021834369463,0.81984674588924722,0.77215222258517413,0.85937578544714122
0.72032448337040134,0.82243296999854432,0.77494509788470667,0.86168902113688706
0.72261874839710805,0.82498999246424465,0.77771319119865789,0.86397050198737002
0.72491301342381465,0.82751791534569441,0.78045649045085486,0.86622045764069844
0.72720727845052147,0.83001684731278413,0.78317498987143885,0.86843912311321503
0.72950154347722806,0.83248690344334697,0.78586868988869063,0.87062673851800521
0.73179580850393489,0.8349282050211978,0.78853759701912263,0.87278354879203024
0.73409007353064148,0.83734087933499779,0.79118172375597495,0.87490980342802815
0.73638433855734819,0.83972505947813392,0.79380108845626207,0.87700575621131849
0.7386786035840549,0.84208088414977822,0.79639571522650277,0.87907166496162537
0.7409728686107615,0.84440849745730229,0.79896563380727215,0.88110779128002692
0.74326713363746832,0.84670804872019867,0.80151087945671029,0.88311440030112542
0.74556139866417492,0.84897969227566217,0.80403149283311204,0.88509176045051829
0.74785566369088174,0.85122358728597747,0.80652751987673466,0.88704014320764335
0.75014992871758834,0.85343989754783867,0.80899901169093935,0.88895982287405195
0.75244419374429516,0.85562879130374103,0.81144602442279667,0.89085107634716743
0.75473845877100176,0.85779044105555291,0.81386861914326658,0.89271418289955784
0.75703272379770836,0.8599250233803909,0.81626686172707752,0.89454942396376047
0.75932698882441518,0.86203271874889587,0.81864082273240946,0.89635708292267058
0.76162125385112178,0.86411371134601189,0.82099057728049507,0.89813744490550906
0.7639155188778286,0.86616818889436065,0.82331620493524449,0.89989079658937166
0.7662097839045352,0.86819634248029187,0.82561778958299292,0.90161742600634864
0.76850404893124202,0.87019836638269266,0.82789541931247657,0.90331762235620872
0.77079831395794862,0.87217445790462045,0.83014918629512569,0.90499167582461792
0.77309257898465544,0.87412481720783353,0.83237918666577448,0.90663987740687524
0.77538684401136204,0.87604964715026712,0.83458552040387035,0.90826251873712116
0.77768110903806864,0.87794915312651867,0.83676829121527363,0.90985989192298644
0.77997537406477546,0.87982354291138043,0.83892760641472652,0.91143228938563037
0.78226963909148206,0.88167302650646551,0.84106357680907029,0.91298000370512034
0.78456390411818888,0.8834978159899618,0.84317631658129055,0.91450332747109508
0.78685816914489548,0.88529812536954389,0.84526594317545423,0.91600255313865031
0.7891524341716023,0.88707417043847003,0.84733257718261645,0.91747797288938393
0.7914466991983089,0.8888261686348804,0.84937634222775515,0.91892987849752805
0.7937409642250155,0.89055433890431923,0.85139736485779938,0.9203585612011006
0.79603522925172232,0.89225890156548471,0.8533957744308095,0.92176431157799532
0.79832949427842892,0.89394007817921839,0.85537170300636245,0.92314741942693357
0.80062375930513574,0.89559809142073665,0.85732528523719898,0.92450817365319915
0.80291802433184234,0.89723316495509775,0.85925665826217679,0.92584686215906553
0.80521228935854916,0.89884552331590761,0.86116596160058012,0.92716377173883635
0.80750655438525576,0.90043539178724863,0.86305333704782616,0.92845918797840521
0.80980081941196258,0.90200299628882252,0.86491892857260999,0.92973339515925146
0.81209508443866918,0.90354856326429156,0.86676288221552422,0.93098667616677255
0.81438934946537578,0.90507231957279888,0.86858534598918824,0.93221931240286859
0.8166836144920826,0.90657449238364896,0.87038646977991951,0.93343158370268087
0.8189778795187892,0.9080553090741188,0.87216640525097322,0.93462376825539151
0.82127214454549602,0.90951499713038042,0.87392530574738159,0.93579614252898968
0.82356640957220262,0.91095378405149852,0.87566332620240961,0.9369489811989089
0.82586067459890944,0.91237189725647649,0.87738062304565578,0.93808255708044053
0.82815493962561604,0.91376956399431597,0.87907735411281041,0.93919714106482677
0.83044920465232264,0.91514701125705322,0.88075367855709208,0.94029300205893829
0.83274346967902946,0.9165044656957364,0.88240975676237565,0.94137040692844243
0.83503773470573606,0.91784215353930487,0.8840457502580209,0.94242962044436462
0.83733199973244288,0.91916030051632847,0.88566182163541707,0.94347090523295107
0.83962626475914948,0.92045913177956629,0.88725813446624424,0.94449452172873671
0.8419205297858563,0.92173887183330105,0.88883485322246547,0.94550072813072761
0.8442147948125629,0.92299974446340372,0.89039214319804472,0.94648978036160192
0.84650905983926972,0.9242419726700859,0.89193017043240119,0.94746193202984297
0.84880332486597632,0.9254657786032886,0.89344910163559221,0.9484174343947096
0.85109758989268292,0.9266713835006648,0.89494910411523132,0.94935653633395545
0.85339185491938974,0.92785900762810603,0.89643034570513191,0.9502794843142115
0.85568611994609634,0.9290288702227617,0.89789299469567496,0.95118652236394086
0.85798038497280316,0.93018118943850814,0.89933721976589487,0.95207789204888327
0.86027464999950976,0.93131618229381008,0.90076318991727544,0.95295383244990262
0.86256891502621658,0.93243406462193246,0.90217107440924738,0.95381458014315634
0.86486318005292318,0.93353505102344447,0.90356104269637505,0.95466036918250341
0.86715744507962977,0.93461935482097258,0.90493326436722643,0.95549143108407109
0.86945171010633659,0.93568718801614637,0.90628790908490808,0.95630799481290341
0.87174597513304319,0.93673876124868971,0.90762514652925486,0.95711028677161036
0.87404024015975001,0.93777428375760663,0.90894514634066015,0.95789853079094711
0.87633450518645661,0.93879396334440857,0.91024807806552754,0.95867294812224479
0.87862877021316343,0.93979800633833743,0.9115341111033336,0.95943375743162373
0.88092303523987003,0.94078661756352799,0.91280341465527748,0.96018117479591381
0.88321730026657685,0.94176000030806695,0.91405615767450554,0.96091541370021982
0.88551156529328345,0.94271835629489353,0.91529250881788782,0.96163668503705568
0.88780583031999005,0.94366188565449338,0.91651263639932945,0.96234519710698763
0.89010009534669687,0.9445907868993404,0.9177167083445964,0.96304115562072024
0.89239436037340347,0.94550525690003262,0.91890489214763249,0.96372476370256033
0.89468862540011029,0.94640549086307968,0.92007735482835229,0.96439622189520158
0.89698289042681689,0.94729168231029059,0.92123426289188082,0.96505572816576468
0.89927715545352371,0.94816402305971603,0.92237578228922468,0.96570347791304267
0.90157142048023031,0.94902270320810067,0.92350207837934639,0.96633966397588555
0.90386568550693691,0.94986791111479651,0.9246133158926243,0.96696447664267926
0.90615995053364373,0.95069983338709629,0.92570965889567036,0.9675781036618567
0.90845421556035033,0.95151865486693776,0.92679127075748602,0.96818073025339557
0.91074848058705715,0.95232455861894016,0.92785831411692976,0.96877253912124905
0.91304274561376375,0.95311772591972532,0.92891095085147379,0.96935371046666274
0.91533701064047057,0.95389833624848497,0.92994934204722635,0.96992442200232898
0.91763127566717717,0.95466656727875032,0.93097364797019322,0.970484848967333
0.91992554069388399,0.95542259487132275,0.93198402803875746,0.97103516414284896
0.92221980572059059,0.95616659306832752,0.93298064079734966,0.97157553786853768
0.92451407074729719,0.95689873408834913,0.93396364389128739,0.97210613805961155
0.92680833577400401,0.9576191883226125,0.93493319404275554,0.97262713022451852
0.92910260080071061,0.95832812433216708,0.9358894470279091,0.97313867748321403
0.93139686582741743,0.95902570884604288,0.9368325576550669,0.97364094058597772
0.93369113085412403,0.95971210676033902,0.93776267974397864,0.97413407793274032
0.93598539588083074,0.96038748113820749,0.93867996610613591,0.9746182455928879
