observed_dis,dim_attention_max,half_width
0,0.25,0.35999999999999999
0,0.25146771037181997,0.35978594196330221
0,0.25293542074363995,0.35914508738416312
0,0.25440313111545987,0.35808138220939151
0,0.25587084148727984,0.35660136102783596
0,0.25733855185909982,0.35471408465900822
0,0.25880626223091974,0.35243105391173107
0,0.26027397260273971,0.34976610062390173
0,0.26174168297455969,0.34673525737894262
0,0.26320939334637966,0.34335660755528991
0,0.26467710371819964,0.3396501175981485
0,0.26614481409001955,0.33563745360416386
0,0.26761252446183953,0.33134178447671869
0,0.2690802348336595,0.32678757404010522
0,0.27054794520547942,0.32200036459342923
0,0.2720156555772994,0.31700655443916242
0,0.27348336594911937,0.31183317193690124
0,0.27495107632093935,0.30650764861099417
0,0.27641878669275932,0.3010575937828619
0,0.27788649706457924,0.29551057310726342
0,0.27935420743639922,0.28989389326925463
0,0.28082191780821919,0.2842343949484219
0,0.28228962818003911,0.2785582559827981
0,0.28375733855185908,0.27289080647066305
0,0.28522504892367906,0.26725635733831288
0,0.28669275929549903,0.26167804368009856
0,0.28816046966731901,0.25617768394779733
0,0.28962818003913893,0.25077565583381611
0,0.2910958904109589,0.24549078946073633
0,0.29256360078277888,0.24034027826199311
0,0.2940313111545988,0.23533960771832313
0,0.29549902152641877,0.23050250190501531
0,0.29696673189823874,0.225840887608454
0,0.29843444227005872,0.22136487558905457
0,0.29990215264187869,0.21708275840310901
0,0.30136986301369861,0.21300102404944166
0,0.30283757338551859,0.20912438457888233
0,0.30430528375733856,0.20545581869572463
0,0.30577299412915848,0.20199662729047857
0,0.30724070450097846,0.19874650077197634
0,0.30870841487279843,0.19570359701353365
0,0.31017612524461841,0.19286462869146911
0,0.31164383561643838,0.19022495877371137
0,0.3131115459882583,0.18777870291018392
0,0.31457925636007827,0.18551883748377837
0,0.31604696673189825,0.18343731209958675
0,0.31751467710371817,0.18152516531922272
0,0.31898238747553814,0.17977264248513219
0,0.32045009784735812,0.1781693145254345
0,0.32191780821917809,0.17670419668180323
0,0.32338551859099807,0.17536586616005392
0,0.32485322896281799,0.17414257776443465
0,0.32632093933463796,0.17302237664122119
0,0.32778864970645794,0.17199320732433476
0,0.32925636007827785,0.17104301834467456
0,0.33072407045009783,0.17015986173515577
0,0.3321917808219178,0.16933198683461995
0,0.33365949119373778,0.16854792786547923
0,0.33512720156555775,0.16779658483187118
0,0.33659491193737767,0.16706729735698864
0,0.33806262230919765,0.16634991114987802
0,0.33953033268101762,0.16563483686316785
0,0.34099804305283754,0.16491310117367106
0,0.34246575342465752,0.16417638998737699
0,0.34393346379647749,0.16341708373874425
0,0.34540117416829746,0.1626282848211407
0,0.34686888454011744,0.16180383725041456
0,0.34833659491193736,0.16093833872656074
0,0.34980430528375733,0.16002714531886517
0,0.35127201565557731,0.15906636905733351
0,0.35273972602739723,0.15805286876719071
0,0.3542074363992172,0.15698423453330723
0,0.35567514677103718,0.15585876622710293
0,0.35714285714285715,0.15467544656934801
0,0.35861056751467713,0.15343390923789726
0,0.36007827788649704,0.15213440255937702
0,0.36154598825831702,0.15077774934785007
0,0.36301369863013699,0.14936530347125629
0,0.36448140900195691,0.14789890373775968
0,0.36594911937377689,0.14638082569892122
0,0.36741682974559686,0.1448137319648366
0,0.36888454011741684,0.14320062161810013
0,0.37035225048923681,0.14154477929885087
0,0.37181996086105673,0.13984972451248293
0,0.37328767123287671,0.13811916168521676
0,0.37475538160469668,0.13635693146106942
0,0.3762230919765166,0.13456696369734844
0,0.37769080234833657,0.1327532325752141
0,0.37915851272015655,0.13091971419775378
0,0.38062622309197652,0.12907034700107689
0,0.3820939334637965,0.1272089952548951
0,0.38356164383561642,0.1253394158786362
0,0.38502935420743639,0.12346522874809573
0,0.38649706457925637,0.1215898906166905
0,0.38796477495107629,0.11971667272524644
0,0.38943248532289626,0.11784864212561078
0,0.39090019569471623,0.11598864669683927
0,0.39236790606653621,0.11413930378884486
0,0.39383561643835618,0.1123029923877053
0,0.3953033268101761,0.11048184865973609
0,0.39677103718199608,0.10867776469829717
0,0.39823874755381605,0.10689239026838002
0,0.39970645792563597,0.10512713731950588
0,0.40117416829745595,0.10338318701746134
0,0.40264187866927592,0.10166149902993112
0,0.4041095890410959,0.099962822790105696
0,0.40557729941291587,0.098287710455738184
0,0.40704500978473579,0.096636531278701865
0,0.40851272015655576,0.09500948710163401
0,0.40998043052837574,0.09340662870345047
0,0.41144814090019566,0.091827872724050699
0,0.41291585127201563,0.09027301891005729
0,0.41438356164383561,0.088741767437561833
0,0.41585127201565558,0.087233736084188787
0,0.41731898238747556,0.085748477040949747
0,0.41878669275929548,0.084285493173941642
0,0.42025440313111545,0.082844253566559639
0,0.42172211350293543,0.081424208194184916
0,0.42318982387475534,0.080024801604908671
0,0.42465753424657532,0.078645485501457849
0,0.42612524461839529,0.077285730140788031
0,0.42759295499021527,0.075945034488547003
0,0.42906066536203524,0.074622935085557715
0,0.43052837573385516,0.073319013602424446
0,0.43199608610567514,0.072032903076164015
0,0.43346379647749511,0.070764292839281887
0,0.43493150684931503,0.069512932166840721
0,0.43639921722113501,0.068278632680748422
0,0.43786692759295498,0.067061269562672748
0,0.43933463796477495,0.065860781637655366
0,0.44080234833659493,0.064677170399656994
0,0.44227005870841485,0.063510498057935821
0,0.44373776908023482,0.062360884689387108
0,0.4452054794520548,0.061228504586806259
0,0.44667318982387472,0.060113581896541195
0,0.44814090019569469,0.059016385641252729
0,0.44960861056751467,0.057937224224576082
0,0.45107632093933464,0.05687643951445967
0,0.45254403131115462,0.055834400600935398
0,0.45401174168297453,0.054811497322133362
0,0.45547945205479451,0.053808133649580717
0,0.45694716242661448,0.052824721020307622
0,0.4584148727984344,0.051861671699102545
0,0.45988258317025438,0.050919392249503093
0,0.46135029354207435,0.04999827718685123
0,0.46281800391389433,0.049098702881062467
0,0.4642857142857143,0.048221021770731363
0,0.46575342465753422,0.047365556943890941
0,0.4672211350293542,0.046532597134228852
0,0.46868884540117417,0.045722392174905264
0,0.47015655577299409,0.044935148945375779
0,0.47162426614481406,0.044171027839860863
0,0.47309197651663404,0.043430139779374287
0,0.47455968688845401,0.042712543782582595
0,0.47602739726027399,0.042018245104267549
0,0.47749510763209391,0.041347193943850315
0,0.47896281800391388,0.040699284720356936
0,0.48043052837573386,0.040074355904401053
0,0.48189823874755378,0.039472190392269471
0,0.48336594911937375,0.038892516402058687
0,0.48483365949119372,0.038335008867053946
0,0.4863013698630137,0.03779929129719764
0,0.48776908023483367,0.037284938075586957
0,0.48923679060665359,0.036791477153490633
0,0.49070450097847357,0.036318393104400895
0,0.49217221135029354,0.035865130495152497
0,0.49363992172211346,0.035431097530154686
0,0.49510763209393344,0.035015669923302031
0,0.49657534246575341,0.03461819495115679
0,0.49804305283757339,0.034237995640526139
0,0.49951076320939336,0.033874375043589457
0,0.50097847358121328,0.033526620554250403
0,0.5024461839530332,0.033194008220384902
0,0.50391389432485323,0.032875807008111449
0,0.50538160469667315,0.032571282976102602
0,0.50684931506849318,0.032279703320261345
0,0.5083170254403131,0.032000340251777094
0,0.50978473581213302,0.031732474674615978
0,0.51125244618395305,0.031475399631860315
0,0.51272015655577297,0.031228423493945938
0,0.514187866927593,0.030990872865717587
0,0.51565557729941291,0.030762095193281911
0,0.51712328767123283,0.030541461055838433
0,0.51859099804305275,0.030328366131960938
0,0.52005870841487278,0.030122232834130281
0,0.52152641878669281,0.029922511609633235
0,0.52299412915851273,0.029728681910183363
0,0.52446183953033265,0.029540252836735503
0,0.52592954990215257,0.02935676346989952
0,0.5273972602739726,0.029177782900059054
0,0.52886497064579252,0.029002909974716117
0,0.53033268101761255,0.0288317727836645
0,0.53180039138943247,0.028664027905301738
0,0.53326810176125239,0.028499359439680731
0,0.53473581213307242,0.028337477855747997
0,0.53620352250489234,0.028178118681588427
0,0.53767123287671237,0.028021041067379748
0,0.53913894324853229,0.027866026251143743
0,0.54060665362035221,0.027712875957264006
0,0.54207436399217213,0.027561410757130578
0,0.54354207436399216,0.027411468420186241
0,0.54500978473581219,0.027262902282114226
0,0.54647749510763211,0.027115579654956614
0,0.54794520547945202,0.026969380301630323
0,0.54941291585127194,0.026824194994662369
0,0.55088062622309197,0.02667992417605557
0,0.55234833659491189,0.026536476732081354
0,0.55381604696673192,0.026393768893543779
0,0.55528375733855184,0.026251723268737766
0,0.55675146771037176,0.026110268013002261
0,0.55821917808219179,0.025969336135518342
0,0.55968688845401171,0.02582886494088639
0,0.56115459882583174,0.025688795600102104
0,0.56262230919765166,0.025549072842895509
0,0.56409001956947158,0.02540964476105145
0,0.5655577299412915,0.025270462710340655
0,0.56702544031311153,0.025131481297090766
0,0.56849315068493156,0.024992658434244117
0,0.56996086105675148,0.0248539554509981
0,0.5714285714285714,0.024715337239810849
0,0.57289628180039132,0.024576772424673213
0,0.57436399217221135,0.024438233535082281
0,0.57583170254403127,0.02429969717107552
0,0.5772994129158513,0.024161144145963334
0,0.57876712328767121,0.024022559594987721
0,0.58023483365949113,0.023883933039984383
0,0.58170254403131116,0.023745258402180346
0,0.58317025440313108,0.023606533957456169
0,0.58463796477495111,0.023467762230679274
0,0.58610567514677103,0.023328949828008334
0,0.58757338551859095,0.023190107208312837
0,0.58904109589041087,0.023051248396988532
0,0.5905088062622309,0.022912390647417662
0,0.59197651663405093,0.022773554057074194
0,0.59344422700587085,0.022634761146761103
0,0.59491193737769077,0.022496036412653728
0,0.59637964774951069,0.022357405861681473
0,0.59784735812133072,0.022218896541290663
0,0.59931506849315064,0.02208053607478716
0,0.60078277886497067,0.021942352213257667
0,0.60225048923679059,0.021804372414528043
0,0.60371819960861051,0.021666623458753777
0,0.60518590998043054,0.021529131109085147
0,0.60665362035225046,0.021391919824444258
0,0.60812133072407049,0.02125501252983902
0,0.6095890410958904,0.021118430447872736
0,0.61105675146771032,0.020982192993239966
0,0.61252446183953024,0.020846317730091674
0,0.61399217221135027,0.020710820390260332
0,0.6154598825831703,0.020575714948520257
0,0.61692759295499022,0.020441013749373984
0,0.61839530332681014,0.020306727678354189
0,0.61986301369863006,0.020172866369559631
0,0.62133072407045009,0.020039438440140368
0,0.62279843444227001,0.019906451741745542
0,0.62426614481409004,0.019773913618566234
0,0.62573385518590996,0.019641831161560999
0,0.62720156555772988,0.019510211448742269
0,0.62866927592954991,0.019379061762022778
0,0.63013698630136983,0.019248389772051677
0,0.63160469667318986,0.019118203683683985
0,0.63307240704500978,0.01898851233618748
0,0.6345401174168297,0.018859325253952508
0,0.63600782778864962,0.018730652645283126
0,0.63747553816046965,0.018602505348754628
0,0.63894324853228968,0.018474894728564072
0,0.6404109589041096,0.018347832522215279
0,0.64187866927592951,0.018221330645706791
0,0.64334637964774943,0.01809540096307076
0,0.64481409001956946,0.017970055028587985
0,0.64628180039138938,0.017845303811228182
0,0.64774951076320941,0.017721157411793476
0,0.64921722113502933,0.017597624783841647
0,0.65068493150684925,0.017474713469708941
0,0.65215264187866928,0.017352429362826636
0,0.6536203522504892,0.017230776507026636
0,0.65508806262230923,0.017109756942667313
0,0.65655577299412915,0.016989370608201187
0,0.65802348336594907,0.016869615304278877
0,0.65949119373776899,0.016750486725680722
0,0.66095890410958902,0.016631978564335098
0,0.66242661448140905,0.016514082684478439
0,0.66389432485322897,0.016396789368696926
0,0.66536203522504889,0.016280087631231586
0,0.66682974559686881,0.016163965592594493
0,0.66829745596868884,0.016048410907303724
0,0.66976516634050876,0.015933411234466371
0,0.67123287671232879,0.015818954739085234
0,0.6727005870841487,0.015705030610395965
0,0.67416829745596862,0.015591629582306948
0,0.67563600782778865,0.015478744440158374
0,0.67710371819960857,0.015366370497572123
0,0.6785714285714286,0.015254506027151553
0,0.68003913894324852,0.01514315262922211
0,0.68150684931506844,0.015032315523675991
0,0.68297455968688836,0.014922003751286243
0,0.68444227005870839,0.01481223027255949
0,0.68590998043052842,0.014703011954269034
0,0.68737769080234834,0.014594369436202393
0,0.68884540117416826,0.014486326873317032
0,0.69031311154598818,0.014378911551361047
0,0.69178082191780821,0.014272153377014742
0,0.69324853228962813,0.01416608424667282
0,0.69471624266144816,0.014060737301040193
0,0.69618395303326808,0.013956146075684663
0,0.697651663405088,0.01385234356050289
0,0.69911937377690803,0.013749361183644976
0,0.70058708414872795,0.013647227737742766
0,0.70205479452054798,0.0135459682682415
0,0.70352250489236789,0.013445602945195489
0,0.70499021526418781,0.013346145941015396
0,0.70645792563600773,0.013247604337320112
0,0.70792563600782776,0.013149977084229563
0,0.70939334637964779,0.013053254035130371
0,0.71086105675146771,0.012957415079156225
0,0.71232876712328763,0.012862429392364283
0,0.71379647749510755,0.012768254826882305
0,0.71526418786692758,0.012674837455182367
0,0.7167318982387475,0.012582111284149483
0,0.71819960861056753,0.012489998150806937
0,0.71966731898238745,0.012398407808492133
0,0.72113502935420737,0.012307238209007719
0,0.7226027397260274,0.012216375982869359
0,0.72407045009784732,0.012125697116299274
0,0.72553816046966735,0.012035067820142584
0,0.72700587084148727,0.011944345582477877
0,0.72847358121330719,0.011853380393418579
0,0.72994129158512711,0.011762016127519913
0,0.73140900195694714,0.011670092066372619
0,0.73287671232876717,0.011577444541431269
0,0.73434442270058709,0.011483908674935525
0,0.735812133072407,0.011389320194974788
0,0.73727984344422692,0.011293517299349371
0,0.73874755381604695,0.011196342541916116
0,0.74021526418786687,0.01109764471458643
0,0.7416829745596869,0.010997280698074194
0,0.74315068493150682,0.010895117254867331
0,0.74461839530332674,0.010791032738707068
0,0.74608610567514677,0.010684918696085883
0,0.74755381604696669,0.010576681336891098
0,0.74902152641878672,0.010466242853294699
0,0.75048923679060664,0.010353542568283193
0,0.75195694716242656,0.010238537897790289
0,0.75342465753424659,0.010121205113194682
0,0.75489236790606651,0.010001539893923607
0,0.75636007827788643,0.0098795576630092072
0,0.75782778864970646,0.0097552937016256325
0,0.75929549902152638,0.0096288030418361127
0,0.7607632093933463,0.0095001601399487979
0,0.76223091976516633,0.0093694583359667516
0,0.76369863013698625,0.009236809107571714
0,0.76516634050880628,0.0091023411298578379
0,0.76663405088062619,0.0089661991545897605
0,0.76810176125244611,0.0088285427250600693
0,0.76956947162426614,0.0086895447446352983
0,0.77103718199608606,0.0085493899187782541
0,0.77250489236790609,0.0084082730916991387
0,0.77397260273972601,0.0082663974998042136
0,0.77544031311154593,0.0081239729647699984
0,0.77690802348336596,0.0079812140493733617
0,0.77837573385518588,0.0078383381991566844
0,0.7798434442270058,0.0076955638926139627
0,0.78131115459882583,0.007553108821865228
0,0.78277886497064575,0.0074111881247631755
0,0.78424657534246567,0.0072700126880747519
0,0.7857142857142857,0.0071297875398319875
0,0.78718199608610562,0.0069907103471827806
0,0.78864970645792565,0.0068529700341311891
0,0.79011741682974557,0.0067167455314756045
0,0.79158512720156549,0.0065822046690696351
0,0.79305283757338552,0.0064495032182858847
0,0.79452054794520544,0.006318784090293272
0,0.79598825831702547,0.006190176693502635
0,0.79745596868884538,0.00606379645132815
0,0.7989236790606653,0.0059397444792849072
0,0.80039138943248533,0.0058181074184269896
0,0.80185909980430525,0.0056989574202496876
0,0.80332681017612517,0.0055823522764567946
0,0.8047945205479452,0.0054683356854474292
0,0.80626223091976512,0.0053569376460187983
0,0.80772994129158504,0.0052481749676223776
0,0.80919765166340507,0.0051420518855561197
0,0.81066536203522499,0.005038560768725297
0,0.81213307240704502,0.0049376829070579198
0,0.81360078277886494,0.0048393893653122392
0,0.81506849315068486,0.0047436418898539013
0,0.81653620352250489,0.0046503938550006129
0,0.81800391389432481,0.0045595912357179911
0,0.81947162426614484,0.0044711735937893364
0,0.82093933463796476,0.0043850750650592605
0,0.82240704500978468,0.0043012253359504026
0,0.82387475538160471,0.0042195505981600821
0,0.82534246575342463,0.0041399744712431099
0,0.82681017612524454,0.0040624188836643638
0,0.82827788649706457,0.0039868049038465974
0,0.82974559686888449,0.0039130535137315292
0,0.83121330724070441,0.0038410863184043815
0,0.83268101761252444,0.0037708261863926033
0,0.83414872798434436,0.0037021978163281517
0,0.83561643835616439,0.0036351282267503495
0,0.83708414872798431,0.0035695471669147652
0,0.83855185909980423,0.0035053874475537094
0,0.84001956947162426,0.0034425851915992332
0,0.84148727984344418,0.0033810800059210543
0,0.84295499021526421,0.0033208150761427501
0,0.84442270058708413,0.0032617371875715922
0,0.84589041095890405,0.0032037966762019708
0,0.84735812133072408,0.0031469473146217403
0,0.848825831702544,0.0030911461384550425
0,0.85029354207436392,0.0030363532197057834
0,0.85176125244618395,0.0029825313940132262
0,0.85322896281800387,0.0029296459493855652
0,0.85469667318982379,0.0028776642844298424
0,0.85616438356164382,0.0028265555444384649
0,0.85763209393346373,0.0027762902439155421
0,0.85909980430528377,0.0027268398842238066
0,0.86056751467710368,0.002678176574999479
0,0.8620352250489236,0.0026302726678139451
0,0.86350293542074363,0.0025831004102567071
0,0.86497064579256355,0.0025366316281733832
0,0.86643835616438358,0.0024908374432195163
0,0.8679060665362035,0.0024456880321910954
0,0.86937377690802342,0.0024011524337743196
0,0.87084148727984345,0.0023571984074322
0,0.87230919765166337,0.0023137923481272812
0,0.87377690802348329,0.002270899259485109
0,0.87524461839530332,0.0022284827868505408
0,0.87671232876712324,0.0021865053104990618
0,0.87818003913894316,0.0021449280980601164
0,0.87964774951076319,0.0021037115140122688
0,0.88111545988258311,0.0020628152829440141
0,0.88258317025440314,0.0020221988021630602
0,0.88405088062622306,0.0019818214982038093
0,0.88551859099804298,0.0019416432208488646
0,0.88698630136986301,0.0019016246674662003
0,0.88845401174168293,0.0018617278297862313
0,0.88992172211350296,0.0018219164547176503
0,0.89138943248532287,0.0017821565104392855
0,0.89285714285714279,0.001742416648815329
0,0.89432485322896282,0.0017026686551681216
0,0.89579256360078274,0.0016628878766064207
0,0.89726027397260266,0.0016230536204448328
0,0.89872798434442269,0.001583149514754681
0,0.90019569471624261,0.0015431638237471479
0,0.90166340508806253,0.0015030897114919478
0,0.90313111545988256,0.0014629254484019305
0,0.90459882583170248,0.0014226745559456125
0,0.90606653620352251,0.0013823458861639082
0,0.90753424657534243,0.0013419536337405706
0,0.90900195694716235,0.00130151727958295
0,0.91046966731898238,0.0012610614660860447
0,0.9119373776908023,0.0012206158054529001
0,0.91340508806262233,0.001180214623604222
0,0.91487279843444225,0.0011398966433067968
0,0.91634050880626217,0.0010997046111623553
0,0.9178082191780822,0.0010596848740077503
0,0.91927592954990212,0.0010198869110669257
0,0.92074363992172203,0.00098036282885240167
0,0.92221135029354206,0.00094116682632892966
0,0.92367906066536198,0.00090235463821770911
0,0.9251467710371819,0.0008639829645332713
0,0.92661448140900193,0.00082610889450696209
0,0.92808219178082185,0.00078878933296418598
0,0.92954990215264188,0.00075208043699397521
0,0.9310176125244618,0.00071603707038838922
0,0.93248532289628172,0.00068071228284723824
0,0.93395303326810175,0.00064615682035513381
0,0.93542074363992167,0.00061241867245803803
0,0.9368884540117417,0.00057954266141254567
0,0.93835616438356162,0.00054757007737087234
0,0.93982387475538154,0.00051653836291573694
0,0.94129158512720157,0.00048648084939064518
0,0.94275929549902149,0.00045742654659963608
0,0.94422700587084141,0.00042939998659348607
0,0.94569471624266144,0.00040242112143229567
0,0.94716242661448136,0.00037650527403130916
0,0.94863013698630128,0.00035166314047045379
0,0.95009784735812131,0.00032790084148901378
0,0.95156555772994122,0.00030522002030352393
0,0.95303326810176126,0.00028361798338609375
0,0.95450097847358117,0.00026308788042635038
0,0.95596868884540109,0.00024361891937517977
0,0.95743639921722112,0.00022519661223314573
0,0.95890410958904104,0.00020780304709902984
0,0.96037181996086107,0.00019141718193134812
0,0.96183953033268099,0.00017601515549319134
0,0.96330724070450091,0.00016157061104205337
0,0.96477495107632094,0.00014805502848454664
0,0.96624266144814086,0.0001354380609327347
0,0.96771037181996078,0.00012368787186572592
0,0.96917808219178081,0.00011277146940804144
0,0.97064579256360073,0.00010265503457574569
0,0.97211350293542065,9.3304240703246966e-05
0,0.97358121330724068,8.4684561638990487e-05
0,0.9750489236790606,7.6761566678271588e-05
0,0.97651663405088063,6.9501200578059544e-05
0,0.97798434442270055,6.2870047364596118e-05
0,0.97945205479452047,5.6835576992864397e-05
0,0.9809197651663405,5.1366374242113647e-05
0,0.98238747553816042,4.6432349528412465e-05
0,0.98385518590998045,4.2004931579772443e-05
0,0.98532289628180036,3.8057242148655753e-05
0,0.98679060665362028,3.4564253128496398e-05
0,0.98825831702544031,3.1502926594086992e-05
0,0.98972602739726023,2.8852338399912188e-05
0,0.99119373776908015,2.6593786046294038e-05
0,0.99266144814090018,2.4710881561818416e-05
0,0.9941291585127201,2.3189630153902662e-05
0,0.99559686888454002,2.201849535019295e-05
0,0.99706457925636005,2.118845129492839e-05
0,0.99853228962817997,2.0693022780159815e-05
0,1,2.0528313485881684e-05
1,0.25,0.35999999999999999
1,0.25146771037181997,0.35981147951728809
1,0.25293542074363995,0.35924709990072456
1,0.25440313111545987,0.35831039577782736
1,0.25587084148727984,0.35700722210640662
1,0.25733855185909982,0.35534570051604436
1,0.25880626223091974,0.35333614512529915
1,0.26027397260273971,0.35099096875529034
1,0.26174168297455969,0.34832457069740452
1,0.26320939334637966,0.34535320741119807
1,0.26467710371819964,0.34209484772481119
1,0.26614481409001955,0.33856901428140634
1,0.26761252446183953,0.33479661311889042
1,0.2690802348336595,0.330799753384596
1,0.27054794520547942,0.32660155927037032
1,0.2720156555772994,0.32222597630594718
1,0.27348336594911937,0.31769757416942007
1,0.27495107632093935,0.31304134816356766
1,0.27641878669275932,0.30828252146671575
1,0.27788649706457924,0.30344635019829524
1,0.27935420743639922,0.29855793324428964
1,0.28082191780821919,0.29364202866879918
1,0.28228962818003911,0.28872287839775873
1,0.28375733855185908,0.2838240427025282
1,0.28522504892367906,0.27896824583790419
1,0.28669275929549903,0.27417723400447874
1,0.28816046966731901,0.26947164661271777
1,0.28962818003913893,0.26487090162904808
1,0.2910958904109589,0.26039309558603052
1,0.29256360078277888,0.25605491864255348
1,0.2940313111545988,0.2518715848888794
1,0.29549902152641877,0.24785677790806906
1,0.29696673189823874,0.24402261143217543
1,0.29843444227005872,0.2403796047707186
1,0.29990215264187869,0.23693667254202821
1,0.30136986301369861,0.23370112810638577
1,0.30283757338551859,0.23067869998445314
1,0.30430528375733856,0.22787356044580973
1,0.30577299412915848,0.22528836537074245
1,0.30724070450097846,0.22292430442361147
1,0.30870841487279843,0.22078116052773405
1,0.31017612524461841,0.21885737759908108
1,0.31164383561643838,0.21715013547825451
1,0.3131115459882583,0.21565543099610363
1,0.31457925636007827,0.21436816411669798
1,0.31604696673189825,0.21328222812086811
1,0.31751467710371817,0.2123906028227634
1,0.31898238747553814,0.2116854498494519
1,0.32045009784735812,0.21115820905812185
1,0.32191780821917809,0.21079969521561073
1,0.32338551859099807,0.21060019411954445
1,0.32485322896281799,0.21054955739817049
1,0.32632093933463796,0.21063729528599323
1,0.32778864970645794,0.21085266673366812
1,0.32925636007827785,0.21118476627252111
1,0.33072407045009783,0.21162260711589057
1,0.3321917808219178,0.21215520004073066
1,0.33365949119373778,0.21277162765317498
1,0.33512720156555775,0.21346111370073417
1,0.33659491193737767,0.21421308715129042
1,0.33806262230919765,0.2150172408149113
1,0.33953033268101762,0.21586358433865566
1,0.34099804305283754,0.21674249145693031
1,0.34246575342465752,0.21764474143055601
1,0.34393346379647749,0.21856155465647892
1,0.34540117416829746,0.21948462247700651
1,0.34686888454011744,0.22040613126248351
1,0.34833659491193736,0.22131878088440091
1,0.34980430528375733,0.22221579773693037
1,0.35127201565557731,0.2230909425036765
1,0.35273972602739723,0.22393851290286404
1,0.3542074363992172,0.22475334167804509
1,0.35567514677103718,0.22553079013250424
1,0.35714285714285715,0.22626673753363627
1,0.35861056751467713,0.22695756673843218
1,0.36007827788649704,0.2276001464126178
1,0.36154598825831702,0.22819181023372193
1,0.36301369863013699,0.2287303334822188
1,0.36448140900195691,0.2292139074347363
1,0.36594911937377689,0.22964111197902029
1,0.36741682974559686,0.23001088687182625
1,0.36888454011741684,0.23032250205814706
1,0.37035225048923681,0.23057552746320886
1,0.37181996086105673,0.23076980265756425
1,0.37328767123287671,0.23090540678052388
1,0.37475538160469668,0.23098262908828793
1,0.3762230919765166,0.23100194047071837
1,0.37769080234833657,0.230963966255021
1,0.37915851272015655,0.2308694605860136
1,0.38062622309197652,0.23071928264152045
1,0.3820939334637965,0.23051437490813881
1,0.38356164383561642,0.2302557437075915
1,0.38502935420743639,0.22994444212754686
1,0.38649706457925637,0.229581555473581
1,0.38796477495107629,0.22916818932132324
1,0.38943248532289626,0.22870546021020438
1,0.39090019569471623,0.22819448898303157
1,0.39236790606653621,0.22763639673926683
1,0.39383561643835618,0.22703230333478233
1,0.3953033268101761,0.22638332832737304
1,0.39677103718199608,0.2256905942357906
1,0.39823874755381605,0.22495523195083431
1,0.39970645792563597,0.2241783881104171
1,0.40117416829745595,0.22336123422676818
1,0.40264187866927592,0.2225049773333046
1,0.4041095890410959,0.2216108719013993
1,0.40557729941291587,0.22068023276347998
1,0.40704500978473579,0.21971444876875701
1,0.40851272015655576,0.21871499689150051
1,0.40998043052837574,0.21768345650924309
1,0.41144814090019566,0.21662152356959047
1,0.41291585127201563,0.21553102436946692
1,0.41438356164383561,0.21441392867953002
1,0.41585127201565558,0.21327236195904789
1,0.41731898238747556,0.21210861642257159
1,0.41878669275929548,0.21092516073903217
1,0.42025440313111545,0.20972464816617936
1,0.42172211350293543,0.20850992294822432
1,0.42318982387475534,0.20728402483178293
1,0.42465753424657532,0.20605019158432242
1,0.42612524461839529,0.20481185942982297
1,0.42759295499021527,0.20357266134779198
1,0.42906066536203524,0.20233642321358195
1,0.43052837573385516,0.20110715778963087
1,0.43199608610567514,0.19988905660820835
1,0.43346379647749511,0.19868647981597562
1,0.43493150684931503,0.19750394407861316
1,0.43639921722113501,0.19634610866943572
1,0.43786692759295498,0.19521775988883111
1,0.43933463796477495,0.19412379398110688
1,0.44080234833659493,0.19306919873155276
1,0.44227005870841485,0.19205903393894025
1,0.44373776908023482,0.19109841096706817
1,0.4452054794520548,0.19019247158321156
1,0.44667318982387472,0.18934636629140275
1,0.44814090019569469,0.1885652323644269
1,0.44960861056751467,0.18785417177041416
1,0.45107632093933464,0.18721822917819153
1,0.45254403131115462,0.18666237021046861
1,0.45401174168297453,0.18619146009587484
1,0.45547945205479451,0.18581024285034692
1,0.45694716242661448,0.18552332109592071
1,0.4584148727984344,0.18533513660122519
1,0.45988258317025438,0.18524995160353858
1,0.46135029354207435,0.18527183094780911
1,0.46281800391389433,0.18540462505422881
1,0.4642857142857143,0.1856519537034326
1,0.46575342465753422,0.1860171906078017
1,0.4672211350293542,0.1865034487192703
1,0.46868884540117417,0.18711356620898675
1,0.47015655577299409,0.18785009304263503
1,0.47162426614481406,0.18871527806754604
1,0.47309197651663404,0.18971105652421238
1,0.47455968688845401,0.19083903789564169
1,0.47602739726027399,0.19210049401322973
1,0.47749510763209391,0.19349634734746463
1,0.47896281800391388,0.19502715942564752
1,0.48043052837573386,0.19669311933668204
1,0.48189823874755378,0.19849403230448601
1,0.48336594911937375,0.20042930833624728
1,0.48483365949119372,0.20249795097904005
1,0.4863013698630137,0.20469854624760031
1,0.48776908023483367,0.20702925181662288
1,0.48923679060665359,0.2094877866020331
1,0.49070450097847357,0.21207142088650385
1,0.49217221135029354,0.21477696717419967
1,0.49363992172211346,0.21760077198751751
1,0.49510763209393344,0.22053870884361562
1,0.49657534246575341,0.22358617267000061
1,0.49804305283757339,0.22673807593562439
1,0.49951076320939336,0.22998884678613335
1,0.50097847358121328,0.23333242947852426
1,0.5024461839530332,0.2367622874109685
1,0.50391389432485323,0.24027140903758121
1,0.50538160469667315,0.24385231694515411
1,0.50684931506849318,0.24749708034919682
1,0.5083170254403131,0.25119733124003685
1,0.50978473581213302,0.25494428437637101
1,0.51125244618395305,0.25872876128381489
1,0.51272015655577297,0.26254121837012612
1,0.514187866927593,0.26637177921746941
1,0.51565557729941291,0.27021027105605433
1,0.51712328767123283,0.27404626536361493
1,0.51859099804305275,0.27786912247243728
1,0.52005870841487278,0.28166804000109663
1,0.52152641878669281,0.28543210486286624
1,0.52299412915851273,0.28915034853814203
1,0.52446183953033265,0.29281180523541567
1,0.52592954990215257,0.29640557250560357
1,0.5273972602739726,0.29992087381913352
1,0.52886497064579252,0.30334712256527757
1,0.53033268101761255,0.30667398688995329
1,0.53180039138943247,0.30989145475256702
1,0.53326810176125239,0.31298989855538439
1,0.53473581213307242,0.31596013868106781
1,0.53620352250489234,0.31879350526603956
1,0.53767123287671237,0.32148189753956025
1,0.53913894324853229,0.32401784007104456
1,0.54060665362035221,0.32639453529115814
1,0.54207436399217213,0.32860591168538872
1,0.54354207436399216,0.33064666710163321
1,0.54500978473581219,0.33251230666523063
1,0.54647749510763211,0.33419917485495615
1,0.54794520547945202,0.3357044813607708
1,0.54941291585127194,0.33702632041741842
1,0.55088062622309197,0.33816368338600394
1,0.55234833659491189,0.33911646443707133
1,0.55381604696673192,0.33988545927201108
1,0.55528375733855184,0.3404723569033517
1,0.55675146771037176,0.340879724597205
1,0.55821917808219179,0.34111098616137314
1,0.55968688845401171,0.34117039383905912
1,0.56115459882583174,0.34106299413949825
1,0.56262230919765166,0.34079458800201329
1,0.56409001956947158,0.34037168574806542
1,0.5655577299412915,0.33980145732600686
1,0.56702544031311153,0.33909167839487619
1,0.56849315068493156,0.33825067282631066
1,0.56996086105675148,0.33728725222729006
1,0.5714285714285714,0.3362106531009833
1,0.57289628180039132,0.33503047226866117
1,0.57436399217221135,0.33375660117280798
1,0.57583170254403127,0.33239915967079481
1,0.5772994129158513,0.33096842991040049
1,0.57876712328767121,0.32947479085390163
1,0.58023483365949113,0.32792865398724547
1,0.58170254403131116,0.32634040071590531
1,0.58317025440313108,0.32472032191034028
1,0.58463796477495111,0.32307856002247581
1,0.58610567514677103,0.32142505415121453
1,0.58757338551859095,0.31976948839050479
1,0.58904109589041087,0.31812124374874701
1,0.5905088062622309,0.3164893538839475
1,0.59197651663405093,0.31488246485563981
1,0.59344422700587085,0.31330879905261216
1,0.59491193737769077,0.31177612341525751
1,0.59637964774951069,0.31029172203310995
1,0.59784735812133072,0.30886237316194032
1,0.59931506849315064,0.3074943306706755
1,0.60078277886497067,0.30619330989627336
1,0.60225048923679059,0.30496447785438824
1,0.60371819960861051,0.30381244772497851
1,0.60518590998043054,0.30274127750471413
1,0.60665362035225046,0.30175447269188566
1,0.60812133072407049,0.30085499284426598
1,0.6095890410958904,0.3000452618258424
1,0.61105675146771032,0.29932718153435961
1,0.61252446183953024,0.2987021488781314
1,0.61399217221135027,0.29817107574757262
1,0.6154598825831703,0.29773441170447346
1,0.61692759295499022,0.29739216909034905
1,0.61839530332681014,0.29714395023452916
1,0.61986301369863006,0.29698897642333777
1,0.62133072407045009,0.29692611827419063
1,0.62279843444227001,0.29695392714319485
1,0.62426614481409004,0.29707066718239039
1,0.62573385518590996,0.29727434765370647
1,0.62720156555772988,0.29756275510155533
1,0.62866927592954991,0.29793348498531452
1,0.63013698630136983,0.29838397237723663
1,0.63160469667318986,0.29891152134101856
1,0.63307240704500978,0.2995133326216885
1,0.6345401174168297,0.30018652929886741
1,0.63600782778864962,0.30092818008292965
1,0.63747553816046965,0.30173531996708697
1,0.63894324853228968,0.30260496798775244
1,0.6404109589041096,0.30353414189036032
1,0.64187866927592951,0.30451986954760685
1,0.64334637964774943,0.30555919703116169
1,0.64481409001956946,0.30664919329547929
1,0.64628180039138938,0.30778695149244478
1,0.64774951076320941,0.30896958699716998
1,0.64921722113502933,0.31019423228714399
1,0.65068493150684925,0.31145802887792662
1,0.65215264187866928,0.31275811657736996
1,0.6536203522504892,0.31409162037571908
1,0.65508806262230923,0.31545563533960869
1,0.65655577299412915,0.31684720992276494
1,0.65802348336594907,0.31826332814404062
1,0.65949119373776899,0.31970089111326916
1,0.66095890410958902,0.32115669840650463
1,0.66242661448140905,0.32262742980383496
1,0.66389432485322897,0.3241096279046784
1,0.66536203522504889,0.32559968212700824
1,0.66682974559686881,0.32709381457828257
1,0.66829745596868884,0.32858806825715858
1,0.66976516634050876,0.33007829800676297
1,0.67123287671232879,0.33156016459299398
1,0.6727005870841487,0.33302913222589492
1,0.67416829745596862,0.33448046977959495
1,0.67563600782778865,0.3359092558978462
1,0.67710371819960857,0.33731038809916858
1,0.6785714285714286,0.33867859591947808
1,0.68003913894324852,0.34000845805237501
1,0.68150684931506844,0.34129442336959132
1,0.68297455968688836,0.34253083562803688
1,0.68444227005870839,0.34371196159700618
1,0.68590998043052842,0.34483202227093446
1,0.68737769080234834,0.34588522677102201
1,0.68884540117416826,0.34686580848436566
1,0.69031311154598818,0.34776806294307411
1,0.69178082191780821,0.34858638690914345
1,0.69324853228962813,0.34931531810435623
1,0.69471624266144816,0.3499495750086874
1,0.69618395303326808,0.35048409614590476
1,0.697651663405088,0.35091407828134685
1,0.69911937377690803,0.35123501297401111
1,0.70058708414872795,0.35144272095273232
1,0.70205479452054798,0.3515333838237179
1,0.70352250489236789,0.35150357266322235
1,0.70499021526418781,0.35135027310366923
1,0.70645792563600773,0.35107090658291867
1,0.70792563600782776,0.35066334749330441
1,0.70939334637964779,0.35012593603817177
1,0.71086105675146771,0.34945748667743348
1,0.71232876712328763,0.34865729211864577
1,0.71379647749510755,0.34772512288478824
1,0.71526418786692758,0.34666122256280379
1,0.7167318982387475,0.34546629890664521
1,0.71819960861056753,0.34414151103369717
1,0.71966731898238745,0.34268845301283601
1,0.72113502935420737,0.34110913419491967
1,0.7226027397260274,0.3394059566812852
1,0.72407045009784732,0.33758169036209873
1,0.72553816046966735,0.33563944598358358
1,0.72700587084148727,0.33358264672089594
1,0.72847358121330719,0.33141499874151054
1,0.72994129158512711,0.3291404612424827
1,0.73140900195694714,0.32676321643403305
1,0.73287671232876717,0.32428763992199222
1,0.73434442270058709,0.32171827191327396
1,0.735812133072407,0.31905978963246595
1,0.73727984344422692,0.31631698129468289
1,0.73874755381604695,0.31349472193099437
1,0.74021526418786687,0.31059795130912249
1,0.7416829745596869,0.30763165413481808
1,0.74315068493150682,0.30460084265962217
1,0.74461839530332674,0.30151054175978387
1,0.74608610567514677,0.29836577649022777
1,0.74755381604696669,0.29517156205782036
1,0.74902152641878672,0.29193289610097706
1,0.75048923679060664,0.28865475310899918
1,0.75195694716242656,0.28534208076543993
1,0.75342465753424659,0.28199979795625202
1,0.75489236790606651,0.27863279414623998
1,0.75636007827788643,0.27524592979715706
1,0.75782778864970646,0.27184403747820091
1,0.75929549902152638,0.26843192330506749
1,0.7607632093933463,0.26501436833740233
1,0.76223091976516633,0.26159612956654343
1,0.76369863013698625,0.25818194013582008
1,0.76516634050880628,0.25477650845417016
1,0.76663405088062619,0.25138451589012734
1,0.76810176125244611,0.24801061276677824
1,0.76956947162426614,0.24465941241853559
1,0.77103718199608606,0.24133548311671887
1,0.77250489236790609,0.23804333772215303
1,0.77397260273972601,0.23478742097834363
1,0.77544031311154593,0.23157209441720181
1,0.77690802348336596,0.22840161890972513
1,0.77837573385518588,0.22528013495531005
1,0.7798434442270058,0.22221164086433243
1,0.78131115459882583,0.21919996904811714
1,0.78277886497064575,0.21624876068722851
1,0.78424657534246567,0.21336143910205255
1,0.7857142857142857,0.21054118219780982
1,0.78718199608610562,0.20779089439841442
1,0.78864970645792565,0.20511317851906732
1,0.79011741682974557,0.20251030805532635
1,0.79158512720156549,0.19998420038590353
1,0.79305283757338552,0.19753639139709314
1,0.79452054794520544,0.19516801203807621
1,0.79598825831702547,0.19287976730815565
1,0.79745596868884538,0.19067191815918316
1,0.7989236790606653,0.18854426676910976
1,0.80039138943248533,0.1864961456060448
1,0.80185909980430525,0.18452641065686576
1,0.80332681017612517,0.182633439140927
1,0.8047945205479452,0.18081513196857255
1,0.80626223091976512,0.17906892113689568
1,0.80772994129158504,0.17739178218262069
1,0.80919765166340507,0.17578025173531939
1,0.81066536203522499,0.1742304501347304
1,0.81213307240704502,0.17273810899512904
1,0.81360078277886494,0.17129860351895729
1,0.81506849315068486,0.1699069892827276
1,0.81653620352250489,0.16855804314206257
1,0.81800391389432481,0.16724630783103853
1,0.81947162426614484,0.16596613976516547
1,0.82093933463796476,0.16471175949863454
1,0.82240704500978468,0.16347730423605622
1,0.82387475538160471,0.16225688175783096
1,0.82534246575342463,0.16104462508737027
1,0.82681017612524454,0.15983474720828925
1,0.82827788649706457,0.15862159513087276
1,0.82974559686888449,0.15739970260980574
1,0.83121330724070441,0.15616384082937326
1,0.83268101761252444,0.15490906639786592
1,0.83414872798434436,0.15363076602932696
1,0.83561643835616439,0.15232469733741655
1,0.83708414872798431,0.15098702522219223
1,0.83855185909980423,0.14961435339498627
1,0.84001956947162426,0.14820375065812749
1,0.84148727984344418,0.14675277163367903
1,0.84295499021526421,0.14525947171723516
1,0.84442270058708413,0.14372241611765413
1,0.84589041095890405,0.14214068292986193
1,0.84735812133072408,0.1405138602740236
1,0.848825831702544,0.13884203761893155
1,0.85029354207436392,0.13712579148895837
1,0.85176125244618395,0.13536616583101516
1,0.85322896281800387,0.13356464738938809
1,0.85469667318982379,0.13172313650100342
1,0.85616438356164382,0.12984391378064702
1,0.85763209393346373,0.12792960321415195
1,0.85909980430528377,0.1259831322169912
1,0.86056751467710368,0.12400768924566413
1,0.8620352250489236,0.12200667956952101
1,0.86350293542074363,0.11998367982122636
1,0.86497064579256355,0.11794239194504498
1,0.86643835616438358,0.11588659715387828
1,0.8679060665362035,0.11382011048895425
1,0.86937377690802342,0.11174673655086412
1,0.87084148727984345,0.1096702269379965
1,0.87230919765166337,0.1075942398891149
1,0.87377690802348329,0.10552230258177274
1,0.87524461839530332,0.10345777648837576
1,0.87671232876712324,0.10140382613794481
1,0.87818003913894316,0.099363391574971052
1,0.87964774951076319,0.097339164748155085
1,0.88111545988258311,0.095333570002190185
1,0.88258317025440314,0.093348748785990782
1,0.88405088062622306,0.091386548631711667
1,0.88551859099804298,0.089448516401304051
1,0.88698630136986301,0.087535895741937528
1,0.88845401174168293,0.085649628638980527
1,0.88992172211350296,0.083790360905941039
1,0.89138943248532287,0.081958451405295132
1,0.89285714285714279,0.080153984752852916
1,0.89432485322896282,0.078376787221580146
1,0.89579256360078274,0.076626445528833118
1,0.89726027397260266,0.074902328163984955
1,0.89872798434442269,0.073203608891544938
1,0.90019569471624261,0.071529292048162302
1,0.90166340508806253,0.069878239240393603
1,0.90313111545988256,0.06824919704376603
1,0.90459882583170248,0.066640825302407239
1,0.90606653620352251,0.065051725632225277
1,0.90753424657534243,0.063480469739154818
1,0.90900195694716235,0.061925627177124895
1,0.91046966731898238,0.060385792187933746
1,0.9119373776908023,0.058859609286841058
1,0.91340508806262233,0.057345797283106778
1,0.91487279843444225,0.055843171453566653
1,0.91634050880626217,0.054350663619237294
1,0.9178082191780822,0.052867339909485313
1,0.91927592954990212,0.051392416034999437
1,0.92074363992172203,0.049925269929197241
1,0.92221135029354206,0.048465451657269336
1,0.92367906066536198,0.047012690532267865
1,0.9251467710371819,0.045566899417950536
1,0.92661448140900193,0.044128176237936606
1,0.92808219178082185,0.042696802749558685
1,0.92954990215264188,0.041273240678067438
1,0.9310176125244618,0.039858125342041861
1,0.93248532289628172,0.038452256933465469
1,0.93395303326810175,0.037056589645512644
1,0.93542074363992167,0.035672218867215701
1,0.9368884540117417,0.034300366686510625
1,0.93835616438356162,0.032942365961395915
1,0.93982387475538154,0.031599643232848237
1,0.94129158512720157,0.030273700762594787
1,0.94275929549902149,0.028966097983754772
1,0.94422700587084141,0.02767843265275503
1,0.94569471624266144,0.026412321986885281
1,0.94716242661448136,0.025169384063547344
1,0.94863013698630128,0.02395121974491745
1,0.95009784735812131,0.022759395375689828
1,0.95156555772994122,0.021595426482164701
1,0.95303326810176126,0.020460762678610762
1,0.95450097847358117,0.019356773962035726
1,0.95596868884540109,0.018284738549719404
1,0.95743639921722112,0.017245832385631977
1,0.95890410958904104,0.01624112041268164
1,0.96037181996086107,0.015271549678137649
1,0.96183953033268099,0.01433794431006304
1,0.96330724070450091,0.013441002373635996
1,0.96477495107632094,0.012581294588303392
1,0.96624266144814086,0.011759264860185723
1,0.96771037181996078,0.010975232559407482
1,0.96917808219178081,0.010229396449365678
1,0.97064579256360073,0.0095218401546166044
1,0.97211350293542065,0.0088525390362536281
1,0.97358121330724068,0.0082213683284997358
1,0.9750489236790606,0.007628112377820081
1,0.97651663405088063,0.0070724748161984262
1,0.97798434442270055,0.0065540894932896868
1,0.97945205479452047,0.0060725319878800624
1,0.9809197651663405,0.0056273315173537451
1,0.98238747553816042,0.0052179830645277796
1,0.98385518590998045,0.0048439595441096507
1,0.98532289628180036,0.0045047238359663582
1,0.98679060665362028,0.0041997405191646553
1,0.98825831702544031,0.0039284871491506758
1,0.98972602739726023,0.0036904649302716783
1,0.99119373776908015,0.0034852086469085632
1,0.99266144814090018,0.0033122957285955743
1,0.9941291585127201,0.003171354337476289
1,0.99559686888454002,0.0030620703801265275
1,0.99706457925636005,0.0029841933600221883
1,0.99853228962817997,0.002937541001619381
1,1,0.0029220025920393897
