phase,subject,n_dims,horizon,n_trials,eta,beta_decay,temperature_threshold,temperature_slope,attention_inertia,action_softmax_temp,beta_init
P1,2024102201,3,30,30,0.0052059568228897844,0.60434786802119855,33.763975643798318,0.032438462508690244,0.97848031767517696,0.11200792315282528,0.033055332391460648
P1,2024102202,3,30,30,0.15660979430332236,0.32632914900463927,17.433864605450655,0.028555950009840743,0.97553303657103585,0.89302078189158474,4.0040755984279839
P1,2024102203,3,30,30,0.011364704467593377,0.13887801368342179,1.6049562865034064,0.030132419630851386,0.76429944570998798,0.3331339829046181,0.18517484012258209
P1,2024102204,3,30,22,0.006092587272030694,0.25583026638950407,3.0676691755185317,0.071772453079942733,0.74728808721932483,0.25202190841529665,0.042473659648242026
P1,2024102401,3,30,30,0.0069400075487861031,0.63442148494632322,15.276197201165344,0.029530868442932286,0.29438919706155003,0.14113812670732301,0.0044228787524257986
P1,2024102403,3,30,15,0.013447898406386631,0.30239998450090344,3.624324975591795,0.042340199307576064,0.74793177843505143,0.35156723884540403,2.2291236000336485
P1,2024102404,3,30,30,0.00021815291155882944,0.41524629383000777,35.12894918552044,0.016620589164593715,0.92865450579069986,0.63926095290033491,0.031178596785440292
P1,2024102405,3,30,30,0.0273470760386702,0.13180743908971135,3.2411645874309527,0.024160709420483456,0.73216901469323192,0.51948819708583938,1.5383151182053076
P1,2024102601,3,30,30,0.042314016321140846,0.17181163353633511,18.459483043359992,0.043367136840349402,0.90977822105692352,0.78624688724744318,0
P1,2024102602,3,30,30,0.22056823506475223,0.51395471560997841,47.315826893835286,0.010698763124489846,0.43458468073000966,0.55465757894467205,1.6088835457838511
P1,2024102603,3,30,30,0.024054104901839374,0.70835111820950813,0.7579918829063399,0.025916947751413066,0.15705586831431759,0.45497994039941542,3.2276170116289542
P1,2024102604,3,30,24,0.004312798512031619,0.10174386907616287,3.440949191508401,0.026058830381030702,0.90082061091125354,0.66067445744348818,7.2282192278093769
P1,2024102605,3,30,10,0.049594719490388441,0.53486946628469034,9.2468629679405865,23.009254188373529,0.43208159388737793,0.7462348045100633,38.84495588968835
P1,2024102801,3,30,11,0.034283760776963046,0.74522523922580119,20.852775708169005,0.066522554490954608,0.9405239115896239,0.79398460934227943,2.2152994779166639
P1,2024102802,3,30,30,0.00014322727597672048,0.42186059725519309,1.0220853978925928,0.013486906249812388,0.96777179271755853,0.34628470975012515,1.0531834580369559
P1,2024102803,3,30,15,0.000782668602908973,0.11960955844196235,2.6922745074863137,0.035042398988302109,0.49485078256859433,0.02800411741577143,9.788483929681675
P1,2024102804,3,30,30,0.044637484517616496,0.49917524493511756,8.455272122285999,0.025127468474960894,0.92509479404891937,0.65325882532004143,7.2398193724839723
P1,2024102805,3,30,30,0.08170542761460374,0.85990228586043183,3.6361091393055354,0.10721655770451471,0.72743733572182223,0.69527733635491329,0.35852311690454414
P1,2024103101,3,30,30,0.013592101295195733,0.14222323121027652,12.898083630108067,0.039613995592057284,0.83693345619822457,0.2356084107318597,3.3729112079627805
P1,2024103102,3,30,30,2.2220647116685589e-05,0.16293160255204842,38.774347231147878,0.011970913480249392,0.96730536054926364,0.70147187905273001,0.032163452270078531
P1,2024103103,3,30,30,0.16804879661430483,0.2586493414896916,50.725090381114278,0.022666950228021624,0.84004433181505478,0.99316103420544477,9.9551599784158906
P1,2024103104,3,30,30,0.17730617831047643,0.33359303928425865,27.948519897627879,0.053154444220044103,0.81516958696357589,0.94450502719635432,4.2248285900857656
P1,2024110401,3,30,30,0.14543662570192506,0.68685008231792988,28.419711507748627,0.021438996413377726,0.16934259504232679,0.54732219309861352,0.081802482378954461
P1,2024110502,3,30,22,0.014745372477023191,0.6210936480720316,6.05227064219401,0.38553091382163396,0.59102632190711935,0.29634586672120283,0.099394204796730862
P1,2024110503,3,30,23,0.055299043281247219,0.32793892751880954,33.755817387472767,0.02279457029959616,0.88984902086082185,0.5759558965971916,0.035625548441687055
P1,2024110701,3,30,27,0.026739393878595502,0.38048330574432021,1.6325490672745966,0.012191183126682621,0.56585466158361497,0.2157495699797988,0.8452982171935508
P1,2024110702,3,30,30,0.016359873822548172,0.11010526337996994,3.6045356730778213,0.021391562506726844,0.86951166127494983,0.58560243147055557,2.4162024260926778
P1,2024110703,3,30,21,0.0019860536266385993,0.15622332505879821,18.763443583670803,0.029908248409818299,0.98519408259147523,0.053402769475464622,20.000000000000004
P1,2024110704,3,30,25,0.006914736664100838,0.27856019332149973,0.92126201976865507,0.36186331758496165,0.71385247800478457,0.37147015669936762,0.13942949383221434
P1,2024110801,3,30,30,0.16470152529130752,0.10381461561508862,47.677856201666039,0.010953536218442802,0.86980477893581953,0.52364948723038351,20.000000000000004
P1,2024110803,3,30,30,0.0039314308895931011,0.1515717504202308,1.5267025662149147,0.23432586770668881,0.78593252795219559,0.27823631077700883,0
P1,2024111101,3,30,19,0.074986542542693518,0.29395012380593832,0.58907875330959614,0.062983793352271319,0.62128046303810081,0.93973514631180688,20.000000000000004
P1,2024111102,3,30,30,0.011719470897181514,0.27747186891533782,8.2740685551173527,0.26564972890513833,0.74306548673256578,0.25383430906453552,0.10354401824262147
P1,2024111103,3,30,25,0.070393197796543586,0.53454795898378493,4.5229056265807976,0.063220504157945959,0.59989130475941665,0.78572430380306735,6.4377515964344125
P1,2024111401,3,30,30,0.12790191276157339,0.84618498759885785,4.7082427688953254,0.04049244545931649,0.5022259521387481,0.8036650188681419,0.1826149142739395
P1,2024111402,3,30,30,0.023378163614005933,0.21072317791126041,8.0463330680295808,0.21870747677737329,0.66784972813553667,0.30049826293173176,0.26186062838073421
P1,2024111801,3,30,30,0.16313587616117659,0.33809988349084213,72.915326355179104,0.012530552907573763,0.77780641109467741,0.53752173468863318,0.035084627846405432
P1,2025022001,3,30,30,0.086712082576850008,0.15816829243355976,57.152843437301492,0.01093071670046317,0.43308599699145311,0.66011993915684708,2.1047899045660601
P1,2025022101,3,30,30,0.023168929476190311,0.65229220400930799,11.102554766721317,0.061338655052070881,0.88135089691986035,0.60918261795389705,0.21156440741853466
P1,2025050701,3,30,30,0.17271075071593969,0.24394065133559881,122.55344674057302,1.4159289806973581,0.8288620421030406,0.92842922515097381,1.8210657219224826
P1,2025051301,3,30,13,0.1490503033472966,0.65454335658402063,20.852775708169005,0.032850731526401104,0.6546095941645258,0.51751276499884724,15.142092618143735
P1,2025051403,3,30,30,0.022438856020073634,0.10039152892858988,2.531503695141919,0.42095135127248962,0.60530525939763125,0.80211921268173814,5.7736319747669675
P1,2025051501,3,30,30,5.9726431068727782e-05,0.21004633702413683,7.7917957858142151,0.061184972559035038,0.75629270227520806,0.18536088146883667,0.12872304834044804
P1,2025052204,3,30,30,0.065811729597892443,0.11669455906956724,13.164232487992983,0.56596352244849946,0.76586854080382794,0.71217424020961206,1.8523715831910081
P1,2025052302,3,30,30,0.13624471919242384,0.57886976023886527,5.7415213284203528,0.014020705807183833,0.72236825069796395,0.34826667076319717,37.044632695122402
P1,2025052304,3,30,30,0.0029173242334490875,0.44376941012509463,13.078707153051658,0.011399614539332081,0.70923940261852492,0.063414422422737274,0.08980868489619287
P1,2025061901,3,30,30,0.080278134254468086,0.18163044019008118,14.1929534873221,0.18621068073072927,0.76784257674335998,0.73891735447328721,0.018446736749970501
P1,2025062002,3,30,30,0.013541999324885501,0.55899528686036104,8.8606676143161867,0.045448700216162416,0.4915248431106532,0.30190860806293818,0.18514619474595348
P1,2025062101,3,30,26,0.031107271216589776,0.10161149751305622,25.676166205102337,0.063067385323610614,0.055245100902922666,0.34627979102527556,5.9078216297911421
P1,2025062102,3,30,30,0.00052020288187858881,0.21463469700231352,4.2784943762590579,0.058839118436728378,0.61134402060929049,0.66690060853805533,24.286345330944133
P1,2025062301,3,30,20,0.022353587484681223,0.13007523664014231,0.67724781326318029,0.05028044381720357,0.81621915159952796,0.87794695901376607,22.374806232669439
P2-only,2024101801,4,50,25,0.090165728815813695,0.31555383633021,22.415739155706987,0.022260820027648988,0.86931080827141172,0.26884595151703011,2.4901457548093564
P2-only,2024101803,4,50,50,0.083300265307896484,0.61441622088125325,56.715935650526063,0.011163703236160494,0.98750762560721628,0.58622961581397914,0.060067176312426578
P2-only,2024102301,4,50,50,0.22644461333420163,0.65120927038020671,60.768321564256688,0.022347316540480788,0.075797792073892825,0.63541610879654908,0.7760957976496291
P2-only,2024102302,4,50,50,0.012757530359642961,0.37319315739628411,16.892138149985005,0.041776354115736325,0.39920398017343633,0.073338099659488953,0.23828923963861331
P2-only,2024102303,4,50,50,0.0030646533146359298,0.99964018328813709,5.3046385979343089,0.066609107328155823,0.78236574372331191,0.25231689027447551,0.01477147630395881
P2-only,2024102304,4,50,50,0.0055059015838858569,0.65064047384765,16.048137110234702,0.07628671820251097,0.70387031170404402,0.070908017138818932,0.049377418936609151
P2-only,2024102305,4,50,45,0.028557724963230988,0.19575932878679125,1.3179828144796595,0.018678271414274611,0.98913677387327981,0.62269683318258429,3.911193913173312
P2-only,2024102501,4,50,50,0.023613084314397077,0.25640080912778374,56.403194844580213,4.4466644499333619,0.57417982038718007,0.29552793618633832,32.492033948184329
P2-only,2024102502,4,50,37,0.00066334605333545507,0.45429537347467586,3.9689559348170889,0.016606937119917838,0.84556094658718761,0.33781699755278594,0.25614354380075166
P2-only,2024102503,4,50,50,0.21295825685982492,0.32164096805049347,27.004342942786394,0.018708853843949939,0.60913407740439474,0.51622975868892018,21.763377046519153
P2-only,2024102504,4,50,50,0.028909934343165179,0.14319127467354925,25.322321508437835,0.013543514003183321,0.843752059493729,0.16395943497376689,0.044959577235932108
P2-only,2024102505,4,50,36,0.31112845153201424,0.51025060234742836,3.3321971182949635,0.01985360681779991,0.74004169477634796,0.81117440315586609,0.37384073003698276
P2-only,2024102506,4,50,50,0.11390939056025345,0.44376941012509463,43.920355997765697,0.065003407562059148,0.57268055594626444,0.47656580464604653,0.36261600877144295
P2-only,2024102701,4,50,50,0.023527043095078554,0.35016424977392124,17.111788495445332,0.019629327019365848,0.9523444420006183,0.26837867903565099,0.062778827164293866
P2-only,2024102702,4,50,50,0.0083622314929012228,0.29918920967976403,36.414743607243061,0.011383839643229629,0.91076144515643653,0.62483864108765885,0.57315024980785023
P2-only,2024102703,4,50,36,0.096111161909292864,0.34222160262280465,12.810418139503271,0.029236736042065763,0.72913812477952944,0.78125751122494302,0.73194065026644983
P2-only,2024102704,4,50,19,0.067763591775630849,0.1522094701699396,27.027821565488932,0.088785753234996323,0.91299170543191366,0.85881926073873693,0.095027838671328413
P2-only,2024102705,4,50,20,0.20168263673762973,0.63335573820349345,69.810174465502328,0.017455475244191145,0.14136448959782189,0.60745543858261675,0.78951470619272679
P2-only,2024103001,4,50,20,0.0072242775863929892,0.31337933764701165,7.0680951173717164,0.029996548326650538,0.93313166327827468,0.12763850776252253,0.41229178081164763
P2-only,2024103002,4,50,50,0.077765749905502113,0.39554312103890188,6.4497280993930186,0.027610189281877372,0.65510207114101549,0.87873222871892509,0.0025808308699185353
P2-only,2024103003,4,50,50,0.00015816764520502189,0.24293407512026705,3.5511301285773325,0.04073934283408652,0.9273581490272329,0.16527484059773426,0.35416258577978466
P2-only,2024103004,4,50,22,0.042445782005367284,0.1037763500143595,0.61141101533129949,0.037740849507553492,0.79600790400995269,0.93731326091072553,20.000000000000004
P2-only,2024103005,4,50,49,0.066017657845764244,0.36261646075056786,25.631612925088245,0.028344248493002922,0.378804173845398,0.60385118589096465,0.2144670121042466
P2-only,2024110201,4,50,50,0.062226772984214161,0.66673092616959506,8.9628830478175274,0.11871061617118903,0.9540409541067959,0.43583311474404074,0.53954013563347381
P2-only,2024110202,4,50,9,0.9198979531015874,0.16683757647836586,46.264506692722421,0.025666922293848603,0.72326986381972858,0.44313994203003276,0
P2-only,2024110203,4,50,50,0.083346768171794705,0.36205796654181066,19.707952438552457,0.028652366306775735,0.41032562178387494,0.94323949562915388,0.10942738733003818
P2-only,2024110301,4,50,30,0.0099893137185680572,0.48708983029618735,6.9960075407530242,0.037084850793524908,0.60321322583494441,0.21794962551494751,9.227570868903704e-05
P2-only,2024110601,4,50,35,0.012442774426748352,0.73882793616823361,7.4823703575674054,0.010642163305117976,0.88963079290237956,0.44518879815126433,0.0007565724808702727
P2-only,2024110602,4,50,50,0.066345547560285073,0.22489337641759782,0.90571076993648414,0.039299485255672402,0.57675640789994886,0.83467434323635026,20.000000000000004
P2-only,2024111201,4,50,18,0.0010755743547532506,0.43139894128361655,6.4104034966604546,0.12706653450123223,0.7116308726734315,0.066667532901380167,0.00088382904725920776
P2-only,2024111202,4,50,50,0.11745461996436686,0.26190051582497031,56.770836530415664,0.014466299327886454,0.85616094261909248,0.44940262392212393,0.74362224237515928
P2-only,2024111301,4,50,23,0.00010637023579205847,0.17858671726296477,4.5717815552360541,0.21992333900160449,0.39675217357105785,0.0027158939103868753,5.2283645749240772
P2-only,2024111302,4,50,23,0.0043583311474404036,0.300872323257526,8.0145421839115727,0.41974551479110039,0.38238567904824017,0.11486460970139761,18.176185020229237
P2-only,2024111303,4,50,50,0.023579269546874022,0.11445947509093055,0.8094139069545857,0.039514223639933566,0.58219494061509292,0.20141528079067283,0.32285841305620039
P2-only,2024111601,4,50,50,0.01209575392177762,0.35357146301741316,6.2921415617126977,0.084997345114630293,0.85897017410153975,0.41439625910922678,0.14235267526596321
P2-only,2025031801,4,50,31,0.067264762393510522,0.37056309165920909,3.1574419658585784,0.14424860799416425,0.70938314791875168,0.54909599858834457,0.31555856082301736
P2-only,2025031802,4,50,50,0.030402207683325674,0.11223425341768266,4.0146855059363986,0.033163512943490042,0.91038379017730364,0.48816214309627931,2.3623053729233785
P2-only,2025031901,4,50,50,0.043970236156675675,0.42802183809004357,5.8772935495645946,0.1046422215923878,0.61185364886239579,0.7535821490311454,1.1086551093487924
P2-only,2025051402,4,50,15,0.059669793611548769,0.79110826226821063,2.3984702362728991,0.12640848534366994,0.68803548904963652,0.34158218573381666,0.50341956089819828
P2-only,2025051601,4,50,50,0.033112595880786383,0.55728764942296871,6.0059082479101038,0.06518731144349163,0.83792655931247428,0.85517351283209941,1.2243382368663753
P2-only,2025051701,4,50,50,0.27215288683648808,0.20132055886666417,70.917314816424181,0.014549843619654895,0.093451946765945024,0.62295985060210246,0.022488442346101728
P2-only,2025051702,4,50,50,0.012123300503477156,0.28181368285243269,8.4259009110324143,0.049134878539010086,0.69350038345146492,0.18883936351961225,27.091331551054981
P2-only,2025051901,4,50,50,0.030655461129438694,0.11556990660430677,3.752278982676712,0.32249671983350153,0.82428225840936953,0.8894452292606837,2.3966573016964228
P2-only,2025052001,4,50,33,0.0012987142932828028,0.71265277132840721,2.2395964191921154,0.061226072421503942,0.76720666310112307,0.11589722794960376,0.010985495726110316
P2-only,2025052101,4,50,50,0.028219962510381537,0.11420171667330131,2.3474700401559474,0.023424008561710258,0.83123471443071972,0.73438363334338586,1.1164867752038981
P2-only,2025052201,4,50,50,0.1401415177257184,0.31246117974981075,23.957480759762355,0.016166453047059354,0.75629270227520806,0.66194464800303743,3.0199281527748356
P2-only,2025052202,4,50,50,0.0035327331640983024,0.96556871252679821,107.94245482420746,2.5361345482429809,0.53887849034030366,0.57416013212674122,0.96842682105958489
P2-only,2025052203,4,50,50,0.37985988799547249,0.99964017631217805,96.754935069802912,0.2954140587929367,0.61282311609190832,0.50692324025514424,1.0157582293944785
P2-only,2025061601,4,50,50,0.16561314876285319,0.27384557119876562,16.155645215681378,0.047849208976732747,0.95136167690281215,0.92601891871069419,19.487567169381546
P2-only,2025061701,4,50,50,0.21196171880566778,0.2271945297284505,26.253014288508432,0.16796837841543841,0.76724443495484351,0.48618038211556058,0.1154549055600689
P2-only,2025061702,4,50,20,0.017758140411390507,0.82214310831570614,8.7561192190069566,0.13952701329178147,0.73040139974862106,0.30363269286964817,0.0030102828931490595
P2-only,2025061801,4,50,46,0.12175312634449197,0.16603531786539721,1.6323809157307549,0.053119123558428481,0.40108908638828467,0.7976775457734977,10.459608824479186
P2-only,2025062001,4,50,50,0.20799506188674927,0.29372589613741895,106.9566341550006,0.77698760016509627,0.35301568722436966,0.21826538234602685,0.057526281759394768
P2-only,2025062401,4,50,32,0.0046265588319188752,0.64232030756651892,3.1633119193984527,0.046125276818055803,0.86693035538572105,0.58509963420980193,0.21318682803694836
P2,2024102201,4,50,18,0.054909126786453946,0.37586612014964715,13.257441641202433,0.32364532834617393,0.71148344568079269,0.29726327748334824,0.011650031941552045
P2,2024102202,4,50,43,0.036971063495432201,0.15001348084356919,8.6242069178103922,0.051164384895052636,0.82099248329720786,0.73430930222546476,2.7750817346610059
P2,2024102203,4,50,11,0.67007600183922778,0.13578930822606983,22.769749105011922,1.8249870449442598,0.45377603619393048,0.87379288546517242,1.0146206853721957
P2,2024102204,4,50,33,0.010690512643547988,0.27863200025450435,22.305917798812164,0.48113904242869404,0.63890747480219645,0.15259698947385839,0.03568228160729435
P2,2024102401,4,50,50,0.0094982495056453887,0.44097435211146696,33.431482861220665,0.021050246627755308,0.87308002505689075,0.094134238235372647,0.1375173089950735
P2,2024102403,4,50,26,0.033173661494239094,0.32987579370629494,6.1510070184114207,0.2372907629500757,0.58620056608853011,0.26376821582544591,0.005508369821937649
P2,2024102404,4,50,18,0.50037659315628624,0.12405085527540324,81.993843162628565,1.4618547971243252,0.96650051953628091,0.68743129299920569,20.363599621061113
P2,2024102405,4,50,15,0.012534302453385741,0.68002580736736329,33.335157707819953,0.075043653497765886,0.78330969027026887,0.12531082261726256,0.0052912528320929273
P2,2024102601,4,50,36,0.040136946444697466,0.15511655498147536,0.59956416443625904,0.11334911412138453,0.60514915124580304,0.80986114401957954,5.3727032491359692
P2,2024102602,4,50,36,0.034413779518042649,0.8526460286475751,17.682689041114145,0.056895049297541175,0.86228675129480603,0.54834915746359436,3.3595593752722177
P2,2024102603,4,50,39,0.039462759036455165,0.1406167629848645,8.2039428269488557,0.41124206198880298,0.3736205152819923,0.49313394743432709,20.000000000000004
P2,2024102604,4,50,16,0.062551093952325026,0.23531673856168173,4.2427078806584149,0.075839673567356033,0.78902595839480549,0.5361128930563317,11.075862506199428
P2,2024102605,4,50,15,0.0032265437928874372,0.17342427632329732,10.510363761438082,15.575760965352888,0.56348326440359964,0.038462940041474873,1.2101909878618984
P2,2024102801,4,50,18,0.056737415204885268,0.99964018956240364,6.6442372284698274,0.078781318228083666,0.63169960231407896,0.35313611925895411,0.12056408898177678
P2,2024102802,4,50,50,0.012307502814202224,0.23024061321460601,3.267768092448744,0.079322817941665055,0.75629270227520806,0.52504233252292187,5.9998804394811806e-06
P2,2024102803,4,50,50,0.30975817701298036,0.86744180022423223,8.0879301716028724,0.053951739965795928,0.12356931976607138,0.74265979378359859,13.07334274593601
P2,2024102804,4,50,43,0.33139148717955785,0.20673597208299471,41.000502293766495,0.030610049328953122,0.10800913941084253,0.51149555155113902,5.9043392653052438
P2,2024102805,4,50,15,0.0011472452434737,0.14930437236882738,12.134772462345358,7.8015083939598053,0.66341919364109003,0.05540218337246685,35.767373528808463
P2,2024103101,4,50,38,0.027776774973376939,0.2203387134602724,13.371104519636589,0.012754350122416956,0.97707072271681539,0.44204409582307291,0.32470428189837408
P2,2024103102,4,50,29,0.0029856448448391357,0.31440044698057606,23.144357753490162,0.015355671540841867,0.84218969220791595,0.06869829022845321,6.832440351707535e-05
P2,2024103103,4,50,50,0.0085004872655319516,0.18058012387279634,15.801903429441781,0.064995542347686869,0.64823908620841353,0.1393979976390661,1.4379057320445086
P2,2024103104,4,50,50,0.00026727392082268503,0.46091884051360521,2.9454511181230645,0.076209454696387027,0.45505376421330973,0.96982779651446094,0.26682185806033454
P2,2024110401,4,50,14,0.037771767089666106,0.39813662799091487,12.516884831989104,24.206878638695713,0.75484734342361981,0.70589046330355132,0.58308555386387839
P2,2024110502,4,50,19,0.020477575867225845,0.35260056935357709,9.8102228481503353,0.64970600953660052,0.88786879530716889,0.49504324327199939,0.21139690897468927
P2,2024110503,4,50,18,0.00070534952455891288,0.45325860842758803,4.6164572876227581,0.048327195822547762,0.69381294524511494,0.025707951801974264,0.00069083719001540708
P2,2024110701,4,50,50,0.21644953323791238,0.1574272570994501,18.103427772782208,11.843948952413193,0.32619087036392158,0.39902638525739254,0
P2,2024110702,4,50,23,0.034876033055110819,0.69481377341714423,14.329957872977493,0.030393129340089968,0.16976248681580802,0.7795335845813417,0.094009374558676265
P2,2024110703,4,50,50,0.14740360290233429,0.17851290539440423,23.503507721129303,0.02042497275297436,0.98202946917787814,0.56713135611638321,0.74359032069272679
P2,2024110704,4,50,16,0.012694007669945008,0.56406599101835431,5.8048960622393428,0.14354153971147818,0.76517705980251205,0.25443638729770418,0.16267581257752189
P2,2024110801,4,50,50,0.039975439145522873,0.36352345972056621,14.444283547085721,0.046368178783016502,0.82764094144624112,0.27495686107578793,20.000000000000004
P2,2024110803,4,50,50,0.055708384749822343,0.54788236842430704,0.64842246463428532,0.022335607364916851,0.93666158039118963,0.43562534963131677,0.003425153718093551
P2,2024111101,4,50,50,0.028097468986517445,0.37616235535837816,6.8931233333285098,0.061566791085631518,0.73917463732979427,0.51095699293236962,0.60465822377394296
P2,2024111102,4,50,18,1.2060548782926875e-05,0.74689892959268256,5.1343728287414985,0.082044630326851775,0.76559224692975991,0.2067474913462535,0.00023826654594031644
P2,2024111103,4,50,29,0.0044375253789480599,0.13836935351371588,6.6819390005806696,0.12023772938330102,0.57127283512142302,0.10978696315592529,0.39087115893528585
P2,2024111401,4,50,50,0.068155040421809809,0.23733413273543807,12.988475800906166,0.14713160041172338,0.76811877083416946,0.48490775273964232,0.95161928175574917
P2,2024111402,4,50,23,0.13463403853512304,0.60735727278399032,57.398159033789788,0.037630676646073308,0.83748444355892282,0.76012129866546674,0.15603871010526693
P2,2024111801,4,50,50,0.285169167199951,0.10031927008722431,79.831136787408454,0.78162780075576754,0.00072580606149882996,0.40690124784963339,0.016468093053278017
P2,2025022001,4,50,15,1.429013250927347e-05,0.31323869066641846,9.1352005329878345,0.46008527481843403,0.69853487684403437,0.88105656669975907,0.43300678066113163
P2,2025022101,4,50,50,0.083201879510287138,0.17199687414355397,16.447593500598192,0.011554953303486984,0.96772872228460138,0.79075528696650876,2.7794121958804299
P2,2025050701,4,50,50,0.18220449218200863,0.34445512723866362,86.669241390705764,1.3536506261690426,0.043297855377947114,0.45961067429335795,2.0121003040630741
P2,2025051301,4,50,40,0.21861752732072584,0.69776493653236193,15.574561284032065,0.14022437804156479,0.82857076351575332,0.79325990202023933,20.262230235024813
P2,2025051403,4,50,50,0.11264468502582815,0.18145295009892615,48.288818790386273,0.066020367785369613,0.92086002238183984,0.21799925674776965,1.087949583635756
P2,2025051501,4,50,50,0.023518840906034792,0.47683015234274995,12.793885602014345,0.071290926022431242,0.41107553431471716,0.19823747825691609,1.0514472661954146
P2,2025052204,4,50,50,0.062708525878998292,0.11826216116003409,11.50321772605442,0.38472203198035348,0.89948197170432342,0.29748618245691449,2.2638041716378377e-05
P2,2025052302,4,50,35,0.012307502814202224,0.30658691864144355,2.1346228870025916,0.046016335108112448,0.6148900137049722,0.63635649356618185,10.940284845889996
P2,2025052304,4,50,50,0.020863207795855852,0.19192840087069635,3.9156711414032501,0.02940117798670288,0.59767245309988148,0.43464589012434646,0.10924874516525526
P2,2025061901,4,50,15,0.045896226937734277,0.10522351751850501,11.229320786046477,0.37562344481575027,0.58197031266706767,0.87980560486286397,0
P2,2025062002,4,50,21,0.0015992931870282123,0.3441375436660099,17.230905419565854,0.17358215990238396,0.46135053246453522,0.015159941161444911,0.0010902729124669809
P2,2025062101,4,50,27,0.35837993781546695,0.89113572561210663,88.984184063473876,3.2779286434696027,0.1444390534128123,0.59813667974685003,0.49468873371213912
P2,2025062102,4,50,50,0.00030186946211278339,0.97542898775057785,16.970731772709776,0.066425868000113533,0.61350819494490594,0.26109813705336976,0.025194182293577283
P2,2025062301,4,50,19,0.012587126001683654,0.77243816848179714,0.58958814945057103,0.10862536471302153,0.65543882436052769,0.44496121854687193,0.042310133822038125
