phase,subject,temperature_slope,phase_display
P1,2024102201,0.019232203265334299,3D
P1,2024102202,0.010573945278762801,3D
P1,2024102203,0.040470255890654103,3D
P1,2024102204,0.081659332727460704,3D
P1,2024102401,0.031211977332356301,3D
P1,2024102403,0.020055717546051299,3D
P1,2024102404,0.0101523959219434,3D
P1,2024102405,5.1519516573908284,3D
P1,2024102601,0.045726329786242199,3D
P1,2024102602,0.0215429573907354,3D
P1,2024102603,0.061717117703766602,3D
P1,2024102604,0.024605328180669399,3D
P1,2024102605,8.8063608422696902,3D
P1,2024102801,0.061579026672005897,3D
P1,2024102802,0.0107482087246348,3D
P1,2024102803,0.024213714015176899,3D
P1,2024102804,0.019062371468259998,3D
P1,2024102805,0.20743175674113029,3D
P1,2024103101,0.033078650820565297,3D
P1,2024103102,0.0170021386572351,3D
P1,2024103103,0.011857399700319101,3D
P1,2024103104,0.034922847265079902,3D
P1,2024110401,0.020347554028547401,3D
P1,2024110502,16.849915084409794,3D
P1,2024110503,0.023556565565407799,3D
P1,2024110701,0.0143804451048162,3D
P1,2024110702,0.018121868328418101,3D
P1,2024110703,0.020955708634254101,3D
P1,2024110704,0.19247638827240679,3D
P1,2024110801,0.014863367476202399,3D
P1,2024110803,0.23432586770668881,3D
P1,2024111101,0.074956308653218104,3D
P1,2024111102,0.39063512762135938,3D
P1,2024111103,0.088157859802257002,3D
P1,2024111401,0.0922023364321711,3D
P1,2024111402,0.1728822796001396,3D
P1,2024111801,0.012861159051404201,3D
P1,2025022001,0.0130655595573612,3D
P1,2025022101,0.016620598850530601,3D
P1,2025050701,1.4159289806973592,3D
P1,2025051301,0.020675942633680101,3D
P1,2025051403,0.2212728683878584,3D
P1,2025051501,0.047193709639151003,3D
P1,2025052204,0.58543511959565175,3D
P1,2025052302,0.048847046936517501,3D
P1,2025052304,0.0139951697765196,3D
P1,2025061901,0.33273807317533138,3D
P1,2025062002,0.077425160973667195,3D
P1,2025062101,0.078496773605448003,3D
P1,2025062102,0.050972516754202397,3D
P1,2025062301,0.075339442431002407,3D
P2-only,2024101801,0.042785113970338198,4D-NE
P2-only,2024101803,0.0110485579155416,4D-NE
P2-only,2024102301,0.024471799724149802,4D-NE
P2-only,2024102302,0.049023351412269198,4D-NE
P2-only,2024102303,0.070703063954921,4D-NE
P2-only,2024102304,0.0691368771809618,4D-NE
P2-only,2024102305,0.022209760367583899,4D-NE
P2-only,2024102501,1.4159713329598032,4D-NE
P2-only,2024102502,0.018264118633099902,4D-NE
P2-only,2024102503,0.027772194616782299,4D-NE
P2-only,2024102504,0.011805113141646,4D-NE
P2-only,2024102505,0.015912371928397898,4D-NE
P2-only,2024102506,0.082197528581979401,4D-NE
P2-only,2024102701,0.068431136587368394,4D-NE
P2-only,2024102702,0.0131401238982138,4D-NE
P2-only,2024102703,0.026744373237007599,4D-NE
P2-only,2024102704,8.6727386856758759,4D-NE
P2-only,2024102705,0.0101417143893269,4D-NE
P2-only,2024103001,0.027931968215091901,4D-NE
P2-only,2024103002,0.067066037812278295,4D-NE
P2-only,2024103003,0.066196797908386604,4D-NE
P2-only,2024103004,0.037740849507553402,4D-NE
P2-only,2024103005,0.035551871958299598,4D-NE
P2-only,2024110201,0.1492980011344596,4D-NE
P2-only,2024110202,0.0124780502913555,4D-NE
P2-only,2024110203,0.012256248573621399,4D-NE
P2-only,2024110301,0.053876097883661697,4D-NE
P2-only,2024110601,0.0103941292291688,4D-NE
P2-only,2024110602,0.0374446845935845,4D-NE
P2-only,2024111201,1.280657322610671,4D-NE
P2-only,2024111202,0.012053302646559801,4D-NE
P2-only,2024111301,0.1196420860976245,4D-NE
P2-only,2024111302,0.42811427083343312,4D-NE
P2-only,2024111303,0.045872344459730298,4D-NE
P2-only,2024111601,0.1010882101938064,4D-NE
P2-only,2025031801,0.2128835659278617,4D-NE
P2-only,2025031802,0.042880590527946599,4D-NE
P2-only,2025031901,0.058082967882607903,4D-NE
P2-only,2025051402,5.2631816088144117,4D-NE
P2-only,2025051601,0.16800642046835479,4D-NE
P2-only,2025051701,0.011475237596142,4D-NE
P2-only,2025051702,0.066196797908386604,4D-NE
P2-only,2025051901,0.460743058607398,4D-NE
P2-only,2025052001,0.045143288108371697,4D-NE
P2-only,2025052101,0.015546161295237299,4D-NE
P2-only,2025052201,0.017859944663783201,4D-NE
P2-only,2025052202,3.2112254216966942,4D-NE
P2-only,2025052203,2.5361368033217149,4D-NE
P2-only,2025061601,0.0225717775411153,4D-NE
P2-only,2025061701,2.7328077558017525,4D-NE
P2-only,2025061702,2.1096137290699017,4D-NE
P2-only,2025061801,0.066691571541051903,4D-NE
P2-only,2025062001,0.041320864881484003,4D-NE
P2-only,2025062401,0.018700968973947001,4D-NE
P2,2024102201,1.4092210391743367,4D-E
P2,2024102202,0.048430193883664603,4D-E
P2,2024102203,4.5836983229060859,4D-E
P2,2024102204,5.2583812765250046,4D-E
P2,2024102401,0.012876327024401399,4D-E
P2,2024102403,10.232797101407732,4D-E
P2,2024102404,6.6666696538065526,4D-E
P2,2024102405,0.044139780934233999,4D-E
P2,2024102601,0.2128835659278617,4D-E
P2,2024102602,0.034953981631750501,4D-E
P2,2024102603,0.2472672863421832,4D-E
P2,2024102604,0.057080147973690903,4D-E
P2,2024102605,16.036503524109495,4D-E
P2,2024102801,0.092893399181610103,4D-E
P2,2024102802,0.035878858756716002,4D-E
P2,2024102803,0.026502474655891301,4D-E
P2,2024102804,0.029050140634471901,4D-E
P2,2024102805,18.782914110057401,4D-E
P2,2024103101,0.0124387525268081,4D-E
P2,2024103102,0.020558526550498502,4D-E
P2,2024103103,0.075198412223347902,4D-E
P2,2024103104,0.072163708822414893,4D-E
P2,2024110401,29.919410500140067,4D-E
P2,2024110502,5.1564658015119909,4D-E
P2,2024110503,0.051905580690266899,4D-E
P2,2024110701,11.843948952413191,4D-E
P2,2024110702,0.030917627946955899,4D-E
P2,2024110703,0.023003168597700199,4D-E
P2,2024110704,8.3863686645181463,4D-E
P2,2024110801,0.056416808815835398,4D-E
P2,2024110803,0.022344131045828001,4D-E
P2,2024111101,0.107128475156113,4D-E
P2,2024111102,6.4575831806536836,4D-E
P2,2024111103,0.2953748902463732,4D-E
P2,2024111401,0.54772314373152808,4D-E
P2,2024111402,0.034654157284405102,4D-E
P2,2024111801,1.4049501727839551,4D-E
P2,2025022001,7.076824257654776,4D-E
P2,2025022101,0.0112593905615059,4D-E
P2,2025050701,1.9683378788414916,4D-E
P2,2025051301,0.096046275093374295,4D-E
P2,2025051403,0.055566827134517403,4D-E
P2,2025051501,0.049557026735773703,4D-E
P2,2025052204,25.54077812755412,4D-E
P2,2025052302,0.029066437939300499,4D-E
P2,2025052304,0.5064652195500825,4D-E
P2,2025061901,0.45663877697815131,4D-E
P2,2025062002,0.1120273329189917,4D-E
P2,2025062101,2.9261518477927102,4D-E
P2,2025062102,0.069032471681895802,4D-E
P2,2025062301,0.1482908982999033,4D-E
