algorithm,seed_id,seed_reward,baseline_mean,tdge_mean,improvement_pct,provenance
LinUCB,1,0.85199999999999987,0.75249999999999995,0.85107750000000004,13.1,digitized from user-supplied reference figure
LinUCB,2,0.84899999999999987,0.75249999999999995,0.85107750000000004,13.1,digitized from user-supplied reference figure
LinUCB,3,0.84699999999999986,0.75249999999999995,0.85107750000000004,13.1,digitized from user-supplied reference figure
LinUCB,4,0.84199999999999986,0.75249999999999995,0.85107750000000004,13.1,digitized from user-supplied reference figure
LinUCB,5,0.84599999999999986,0.75249999999999995,0.85107750000000004,13.1,digitized from user-supplied reference figure
LinUCB,6,0.86799999999999988,0.75249999999999995,0.85107750000000004,13.1,digitized from user-supplied reference figure
NeuralUCB,1,0.80400000000000005,0.75149999999999995,0.83641949999999987,11.300000000000001,digitized from user-supplied reference figure
NeuralUCB,2,0.85699999999999987,0.75149999999999995,0.83641949999999987,11.300000000000001,digitized from user-supplied reference figure
NeuralUCB,3,0.84899999999999987,0.75149999999999995,0.83641949999999987,11.300000000000001,digitized from user-supplied reference figure
NeuralUCB,4,0.84599999999999986,0.75149999999999995,0.83641949999999987,11.300000000000001,digitized from user-supplied reference figure
NeuralUCB,5,0.82799999999999985,0.75149999999999995,0.83641949999999987,11.300000000000001,digitized from user-supplied reference figure
NeuralTS,1,0.81200000000000006,0.74450000000000005,0.84500750000000002,13.5,digitized from user-supplied reference figure
NeuralTS,2,0.85099999999999987,0.74450000000000005,0.84500750000000002,13.5,digitized from user-supplied reference figure
NeuralTS,3,0.84699999999999986,0.74450000000000005,0.84500750000000002,13.5,digitized from user-supplied reference figure
NeuralTS,4,0.85299999999999987,0.74450000000000005,0.84500750000000002,13.5,digitized from user-supplied reference figure
NeuralTS,5,0.84499999999999986,0.74450000000000005,0.84500750000000002,13.5,digitized from user-supplied reference figure
NeuralTS,6,0.87,0.74450000000000005,0.84500750000000002,13.5,digitized from user-supplied reference figure
